,DNA,Category
0,GIGKITPFEEKMIAEAIPELK,1
1,EPKGELLEAIKRDFGSFEKFK,1
2,RYLPAFEKVLKSHGQDYLVGN,1
3,KMKLYSEFLGKRPWFAGDKVT,1
4,RDYTEMNDLQKRLGPRGLVVL,1
5,DKVRFLEQQNKMLETKWSLLQ,1
6,ETKWSLLQQQKTSRSNMDNMF,1
7,EMENEFVLIKKDVDEAYMNKV,1
8,KYEELQTLAGKHGDDLRRTKT,1
9,DAEQRGEMAIKDAQTKLAELE,1
10,ALDIEITTYRKLLEGEESRLE,1
11,SADLKFRIKQKGEYLPLLQGK,1
12,QGKSLGMIFEKRSTRTRLSTE,1
13,MTDAVLARVYKQSDLDTLAKE,1
14,FGMHLQAATPKGYEPDPNIVK,1
15,NIVKLAEQYAKENGTKLSMTN,1
16,TWISMGQEDEKKKRLQAFQGY,1
17,QAFQGYQVTMKTAKVAASDWT,1
18,DWTFLHCLPRKPEEVDDEVFY,1
19,KGVSEIVHEGKKIKLTITYGP,1
20,MTGEKVKAVVKLEGDNKMVTT,1
21,SRISSLPNVKKFLQPGSQRKP,1
22,DLLKANVKIFKSQGTALEKYA,1
23,RKKALKLGAKKVFIEDVSKEF,1
24,QVEIAQREGAKYVSHGATGKG,1
25,KGVPVKVTNIKDGTTRTTSLE,1
26,ILRIEEELGSKAKFAGRSFRN,1
27,KFHYKTDQGIKNLPVGEAGRL,1
28,EHSVQCAVDVKRFNSANEDNV,1
29,NVTQVRTFYTKVLNEEERKRL,1
30,HLKDAQLFIQKKAVKNFTDVH,1
31,YGARIQALLDKYNAEKPKNAI,1
32,EVEFVRTGYGKDMVKVLHIQR,1
33,VKVLHIQRDGKYHSIKEVATS,1
34,TSVQLTLRSKKDYLHGDNSDI,1
35,NSDIIPTDTIKNTVHVLAKLR,1
36,KDQFTTLPEVKDRCFATQVYC,1
37,WGAVRDIVLQKFAGPYDKGEY,1
38,FDRGASIVEDKLVEDLKTRES,1
39,LQHGSILGFPKAKVYEGSILE,1
40,IPAASEKQLTKSNAPRVKAKI,1
41,VQESLERKFGKHGGTIPVVPT,1
42,FQDRISGASEKDIVHSGLAYT,1
43,SARQIMRTAMKYNLGLDLRTA,1
44,RTAAYVNAIEKVFKVYNEAGV,1
45,YIASKYNLYGKDMKERAIIDM,1
46,GSQRKPFDDAKCVESAKKIFS,1
47,ENSRDYPDMAKEAGQKALEDA,1
48,GDGFKANLVFKEIEKKLEEEG,1
49,KLEEEGEQFVKKIGGIFAFKV,1
50,AFKVKDGPGGKEATWVVDVKN,1
51,MNPQSAFFQGKLKIAGNMGLA,1
52,RMELKADQLYKQKIIRGFCHL,1
53,RSKSDPIMLLKDRMVNSNLAS,1
54,EFNLLYDRGTKFGLFTPGSRI,1
55,VGPRDGLQNEKSIVPTPVKIR,1
56,FGAVSELFTRKNANCSIEESF,1
57,GRRYDDPEVQKDTKNVPFKIV,1
58,FDQALLRHIVKEFKRETGVDL,1
59,QFEGIVTDLIKRTIAPCQKAM,1
60,HDTETKMEEFKDQLPADECNK,1
61,TISLEKLENDKSIRGVILTSE,1
62,EVVPEDQVHSKARSVMTKWLA,1
63,SRQLTKNMMRKATADNLIKQR,1
64,DIQNFTSFISKDSIQKSLHMY,1
65,KSGEYPFPLIKRAWELGLINA,1
66,VAAIKTKAEKKGDEYVINGQK,1
67,FLLARSNPDPKVPASKAFTGF,1
68,GIAFEDVRVPKENVLIGEGAG,1
69,KNRDGETLTTKGKIGDSLLDV,1
70,EVICQVAEGNKEDVDKAVKAA,1
71,QGPQVDETQFKKILGYIKSGQ,1
72,YIKSGQQEGAKLLCGGGAAAD,1
73,FGPVMQILKFKTIEEVVGRAN,1
74,AKDEGANAFFKGAWSNVLRGM,1
75,EKAWRKQSRKKVMEAFEQAER,1
76,RFFEEVNDPAKNDALEKVEDD,1
77,PIKDAATGAVKEKITAFVVER,1
78,FGGVTHGLPEKKMGIKASNTS,1
79,VALQGCMDKGKELTGLGNALK,1
80,VVEAKLVKHKKGIVNEQFLLQ,1
81,EARLETPSAKKLTDVGIRRIF,1
82,EVIPHHTEWEKAGEVSREVWE,1
83,KGRKLHKMGMKAQDTAELFFE,1
84,NYVKQRKAFGKTVAHIQTVQH,1
85,DLGGDFKGIGKGSSAADKVVA,1
86,VVAEIRRKGGKAVANYDSVEA,1
87,ANYDSVEAGEKLVKTALDTFG,1
88,KLLLQVQHASKQITADKQYKG,1
89,ARTRLAADVGKAGAEREFKGL,1
90,YEQVLENLQSKRFQLVDSRAQ,1
91,MDFLTKDGFEKSPEELRAIFQ,1
92,SIIRKVISTTKAPAAIGPYSQ,1
93,GVVEEAKQALKNLGEILKAAG,1
94,DTMKRYLSAQKPLLNDSQFRK,1
95,PSRDELFTDTKARHLLVLRKG,1
96,KLSFKLSSALKAGVTAAKEKF,1
97,ECSKYHGQLTKEAAMGQGFDR,1
98,DLIRFAQTLEKVCVQTVESGA,1
99,LEKFNNVEAGKYTVGLGQTRM,1
100,TVVQRLMERTKLPWDAVGRLE,1
101,FHTPFCKMVQKSLARLMFNDF,1
102,FNDFLSSSSDKQNNLYKGLEA,1
103,GLKLEETYTNKDVDKALLKAS,1
104,KLVSSVSDLPKRLDSRRRMSP,1
105,SYIRFSQICAKAVRDALKTEF,1
106,LKTEFKANAEKTSGSSIKIVK,1
107,DGTEGLVRGQKVLDSGAPIKI,1
108,KVVDLLAPYAKGGKIGLFGGA,1
109,TMGCLATTHSKAIHKIDIPSF,1
110,DIGNIISDAMKKVGRKGVITV,1
111,QDAYVLLSEKKISSVQSIVPA,1
112,LKVGLQVVAVKAPGFGDNRKN,1
113,IVTKDDAMLLKGKGDKAHIEK,1
114,EDMKVLDDLNKNIRYISGSSF,1
115,KGEMDTFPTFKFDDPKFEVID,1
116,RVEFDTFGELKVPTDKYYGAQ,1
117,AQTVRSTMNFKIGGATERMPI,1
118,EVNQEYGLDPKIASAIMKAAD,1
119,EMLGGELGSKKPVHPNDHVNK,1
120,GLNTRIGFAEKVAAKVAALTG,1
121,CVSKDLPFAQKRFCGAEGTEN,1
122,YVKGANDAVAKLEEARAKEDH,1
123,QQGALQFIPAKRVGTPAEVAG,1
124,RREYAEVQPLKGARISGSLHM,1
125,NRVAFRRAMRKAIQSAMRQPN,1
126,KLRVEIADIDKRGKISLILVA,1
127,TKIVGLRARAKAAFAEREGVN,1
128,QDRKVLCRFAKHPADTQTVLV,1
129,WGRPVPGWGSKRPRLLILGLA,1
130,SDWSIEIDGKKYTAPEISARI,1
131,LPVGADEDDIKATYDKGILTV,1
132,FFGRAALLAEKAAGPRRLLRG,1
133,KSQWPGKLVVKGIQTLDDARA,1
134,DAPVVRVSALKALEGDAKWVA,1
135,TTVTGVEMFRKLLDQGQAGDN,1
136,KSLERAVSAGKVTERERDRAL,1
137,KVEFEIGHSPKGPQATGVRSL,1
138,GLVIPDTAKEKPQEGTVVAVG,1
139,ADAVKVTLGPKGRNVVLEKKW,1
140,VAAGANPLGLKRGIEKAVEKV,1
141,AVEKVTETLLKGAKEVETKEQ,1
142,LLVSSKVSTVKDLLPLLEKVI,1
143,ENSDSDYDREKLQERLAKLAG,1
144,SGLEPGVVAEKVRNLPAGHGL,1
145,LVVNAIRKTLKAVAVKGPYFG,1
146,AVATAEAIARKPVEGSLGTPP,1
147,VDALGNAIDGKGPIGSKTRRR,1
148,QKRFNDGTDEKKKLYCIYVAI,1
149,QKRSTVAQLVKRLTDADAMKY,1
150,IYAGVRGYLDKLEPSKITKFE,1
151,SLLGNIRSDGKISEQSDAKLK,1
152,NRNAFGAPLTKLQNIQFKLAD,1
153,RLLTWRAAMLKDNKKPFTKES,1
154,HCQEQNVRVPKSPIIFSKFSS,1
155,KDTIADPHNLKICCRVNGEVV,1
156,KGVFCAGADLKEREQMSDVEV,1
157,LAYSRVLAIHKQHLSPVDTAY,1
158,LSPVDTAYFRKPLLLHQGHME,1
159,CSCAPDCCQAKERYIEQFKDT,1
160,AQYVRLGGSEKARARHTSRGK,1
161,QLKKEIQEHVKKTTAPYKYPR,1
162,DYALPNPSWTKDLRLLFDQFM,1
163,FMKKCEDGSWKRMPSHRQNPT,1
164,SKFKKEEQMSKAQQFTRSFEE,1
165,NSQLQKIEGRKLFVSCTIQSI,1
166,MLQMLESSLRKYLPESLKVYG,1
167,HMNQGNPFKLKALVDKWPDFN,1
168,PVYNHTEQTNKVIQKMSHTLH,1
169,GRASMVDVGGKPETERVAVAS,1
170,HKNQGYYDYVKPRLRTTIDRA,1
171,DPAAAPATGNKKTHLTELQRF,1
172,LRKAGLLEKLKETEYDVRDHG,1
173,QTEDILAKSKKGIEESLKRMA,1
174,EESLKRMAKKKFTENPKAGDE,1
175,VPMMKLVEVIKTPMTSQKTFE,1
176,KTLGKHPVSCKDTPGFIVNRL,1
177,VRLHERGDASKEDIDTAMKLG,1
178,PETGKRLQTVKLPVDKTTSCC,1
179,VTKGGIMLPEKSQGKVLQATV,1
180,ATVVAVGSGGKGKSGEIEPVS,1
181,IEPVSVKVGDKVLLPEYGGTK,1
182,LVKALSCLYGKIYQRQIDPNE,1
183,DMMYGGMRGMKGLVYETSVLD,1
184,DAGVKELDSLKSDRLRTIQLN,1
185,TKILAEGGGAKFKKYEEIDNA,1
186,ISELPKTVSGKILRSKLRNQE,1
187,DKAFAAGADIKEMQNRTFQDC,1
188,TGDRISAQDAKQAGLVSKIFP,1
189,DFATKITDSYKQYDFGKVVRL,1
190,LPSQVIDHGRKPTQQEAYQVH,1
191,AQEALAPFRGKELQPGSHVQS,1
192,LKARRLQFWTKTLPQKIQELK,1
193,AVIRINSPNSKVNTLNKEVQS,1
194,CQYRIATKDRKTVLGVPEVLL,1
195,GRNIRADRAKKMGLVDQLVEP,1
196,VYKTVEEKVKKQTKGLYPAPL,1
197,SQKFGELALTKESKALMGLYN,1
198,MRILQEGVDPKKLDALTTGFG,1
199,KGFYIYQEGSKNKSLNSEMDN,1
200,NILANLRLPAKPEVSSDEDVQ,1
201,FRFVDLYGAQKVVDRLRKYES,1
202,KDKATLQAMDKRLCSWKGEPQ,1
203,IYGDIIYTSAKDKRGLVLKQP,1
204,NVIPCSRNKAKEVGEVLCTDP,1
205,INEKAVEKVEKQVNDAVAKGA,1
206,LLRGVFIVAAKRTPFGAYGGL,1
207,YCVRNVRFGTKFGLDLKLEDT,1
208,MGMTAENLAAKYNISREDCDR,1
209,RYALQSQQRWKAANEAGYFNE,1
210,FNEEMAPIEVKTKKGKQTMQV,1
211,EQLQKLPSVFKKDGTVTAGNA,1
212,VIIASEDAVKKHNFTPLARVV,1
213,PGIRLLSVKAKTAHIVLEDGT,1
214,TTARDELGLNKYMESDGIKVA,1
215,KQNLIAEVSTKDVKVFGKGNP,1
216,NVKKILESDRKEPLFGISTGN,1
217,NIITGLAAGAKSYKMSMANRG,1
218,DSFFSLIKKGKGTTITSVLPK,1
219,GVELFKRGVLKEYGVKVLGTS,1
220,ATEDRQLFSDKLNEINEKIAP,1
221,GGLGSGICPNKETLIDLGTKA,1
222,GTSSRIGSSMKSVGEVMAIGR,1
223,DGFTPRLPMNKEWPANLDLKK,1
224,DEIVRLTSIDKWFLYKMRDIL,1
225,YKMRDILNMDKTLKGLNSDSV,1
226,RKAKEIGFSDKQISKCLGLTE,1
227,EAQTRELRLKKNIHPWVKQID,1
228,VSQEHPVVLTKFVEGAREVEM,1
229,AREVEMDAVGKEGRVISHAIS,1
230,KVMIGESIDEKRLPTLEQPII,1
231,FLKAMLSTGFKIPQKGILIGI,1
232,VTKLFAEAVQKSRTVDSKSLF,1
233,FRPSRVVVVAKTTRYEFEQQR,1
234,SVDDGPWEKQKSSGLNLCTGT,1
235,SSSRQRCFSSKVCVRSRCWDA,1
236,YEIKIESEEFKEKRTVQQHQM,1
237,KNVAMGYVPFKYSRPGTQLLV,1
238,QGSPERDALQKALKDLKGQME,1
239,SPFNHAHKVAKFCYADKALLN,1
240,RAIDAALAARKEWDLKPMADR,1
241,PMADRAQVFLKAADMLSGPRR,1
242,CSACSRLYVPKSLWPQIKGRL,1
243,NAAGNFYINDKSTGSVVGQQP,1
244,YQRAFGGQSLKFGKGGQAHRC,1
245,RFMERYAPVAKDLASRDVVSR,1
246,SIAESCRPGDKVPSIKANAGE,1
247,AGEESVMNLDKLRFADGSIRT,1
248,EKISQLYGDLKHLKTFDRGMV,1
249,KVRVDEYDYSKPIQGQQKKPF,1
250,TLSYVDIKTGKVTLEYRPVID,1
251,PRCKLCVFMGKTDPQAPRHQQ,1
252,HQLTVAKMELKNQSRMQEPAV,1
253,GSKTNFNSLAKAMVQRTGRRV,1
254,LADKQLSSVVKEAGIRQFLLT,1
255,PTIYYPKRPNKPLFTGLVTQC,1
256,ALIHCLRAKSKQEILAINQVF,1
257,ITRETLPAVLKNTAARMMLPP,1
258,FLIIIKGAGGKAFCAGGDIKA,1
259,GIATHFVDSEKLRVLEEELLA,1
260,DGSPFAIEQMKVINKMSPTSL,1
261,HEGVRAVLIDKDQTPKWKPAN,1
262,GTAAIQGAIEKAGIPKEEVKE,1
263,SRGATPYGGVKLEDLIVKDGL,1
264,VKDGLTDVYNKIHMGNCAENT,1
265,DEEYKRVDFSKVPKLKTVFQK,1
266,TAEAAQRLNVKPLARIAAFAD,1
267,APAYAVPKVLKYAGLKKEDIA,1
268,MTARDVQEECKKKGLPWTLAK,1
269,KLAESGSCLGKKVAGALQTIE,1
270,FPRDFFERDAKDAVDLMKALQ,1
271,DVSKWSEKARKPLEALYGYDY,1
272,QKYTHPQHIRKLLGQQVVSPV,1
273,AVLYVPGNDEKKIRKIPSLKV,1
274,LDCEDGVAENKKNEARLRIAK,1
275,AAFKEHQQLGKGAFTFRGSMI,1
276,CKGIVFPKQFKTQQYYDILKQ,1
277,ILKQVCPELEKAQPGALKSER,1
278,LLSSPSFNGKKALEAISREKG,1
279,IIFMPGTTQLKAKDILYRIQI,1
280,PGVYRMVLQQKTSNLRFPTLE,1
281,SLLPEEYEQWKQRTGLSIHEV,1
282,AESAVVSSPDKDRGEVVKAFI,1
283,SVTAPYKYPRKVEFVSELPKT,1
284,THSDQFLVSFKDVGRKPPTFG,1
285,EFILDTRPFKKSANVEAVDVA,1
286,NILYVSSETIKKLFPSLLDTK,1
287,DTKNLSTGSGKPKAIDQDKFK,1
288,LCRLSDRVDKKLLDAAGANLR,1
289,IESKLLAKRAKVNTIPGFDGV,1
290,REVIINTRFVKGDISTKFLSD,1
291,KVDLSTSTDWKEAKSFLKGLS,1
292,VLLPDKAAEEKMNQQGADTPK,1
293,KGFLSSGEWVKSEKLTQALQG,1
294,IPFLLSGTSYKDLMPHDLARA,1
295,NMRKMMLDLNKAKTLGQRLSL,1
296,SDIVPFKVPGKDTVTKDNGIR,1
297,SEDRALAMGYKPKAYLRDFIY,1
298,KQEIRLIDYEKMVDHRGSRIV,1
299,VLSRHHHLVRKTDGVYDPVEY,1
300,NINPVSLTVGKQEAKLQSLVE,1
301,SEYIRYDLLEKNINIVRKRLN,1
302,HLIEAQVGGEKDLRRAKDINQ,1
303,FLTGKDGKKFKLEAPDADELP,1
304,PGQDTYQHPPKDSSGQRVDVS,1
305,VVKKIESFGSKSGKTSKKIVI,1
306,DVFPDVCKEFKEAGEQVASSP,1
307,VASSPAEVAEKADRIITMLPS,1
308,GANGILKKVKKGSLLIDSSTI,1
309,NLGIRSGLDPKLLAKILNMSS,1
310,DREKLITTALKRHQGIDILVS,1
311,TKNFAAELAPKNIRVNCLAPG,1
312,RVNCLAPGLIKTRFSSVLWEE,1
313,LATEARPTTEKSVPYQRTLKE,1
314,SGGPVSLDFVKNGEYALERMG,1
315,SCLVAGTKCDKVVQDLCKVAG,1
316,QDLCKVAGVAKVLVAQHDAYK,1
317,IYAGNALCTVKCDEKVKVFSV,1
318,IQHLAGMKDSKTIVAINKDPE,1
319,DTENLRQRSQKLVEEAKLYGI,1
320,ADFGMAADKNKFPGDSVVTGR,1
321,VVTGGGTGIGKAVSRELLHLG,1
322,VSNLVKSTLAKYGKINFLVNN,1
323,GLVLGIYAKDKDDDLPQFTSA,1
324,EMLNISGPPLKAGKTRTFYGL,1
325,LKATAEEISSKTGNKVHAIRC,1
326,RFNIIQPGPIKTKGAFSRLDP,1
327,SRLDPTGRFEKEMIDRIPCGR,1
328,EFRTYFLKPSKTNEFLENFKN,1
329,HRTAVRKALAKDKEWQERFLI,1
330,GGPALWGNAFKRAVNAHVELG,1
331,SMTQNLREVMKVMFKVPGFDR,1
332,KVPGFDRVLEKVTLVSAAPEK,1
333,AAPEKLICEMKVEEQHTNKLG,1
334,DCGGLTKRDVKLAQFIEKAAA,1
335,NNKYSEGYPGKRYYGGAEVVD,1
336,YRKGVRTVDPKTGKEIPYTFE,1
337,NAQAMADALLKRGYSLVSGGT,1
338,KLQDFKSFLLKDPETSQRLAN,1
339,LKDVLSNLIPKEQARIKTFKQ,1
340,WLTQLQKEVGKDVSDEKLRDY,1
341,RALGFPLERPKSMSTDGLMKF,1
342,LMDKVELLLPKKLRPLYNHPA,1
343,AKKIAQAQGLKDGYRLVVNDG,1
344,IAPVLAAKVIKGVEVTVGHEQ,1
345,TVGHEQEEGGKWPYAGTAEAI,1
346,TAEAIKALGAKHCVKGVTEAH,1
347,KGVTEAHVDQKNKVVTTPAFM,1
348,KKIRSLSDEAKIGAHGKPVIF,1
349,KNKMGLKGPLKTPIAAGHPSM,1
350,AGGHTRNPTYKEVCSEKTGHA,1
351,SKEEYQKVLSKHNFGPITTDI,1
352,VMCRTGGSGAKGISCIVVEKG,1
353,DIIKSTHDYWKALVTKKTDGK,1
354,VQGINLVQAKKLVESLPQEIK,1
355,ALYSAASKEKKLDQVEKELLR,1
356,KELLRVGQLLKDPKVSLAVLN,1
357,NPYIKRTVKVKSLNDITKREK,1
358,AVLSELKTVLKSFLSPNQILK,1
359,IGEKYVDMSAKSKIQKLSKAM,1
360,GFSGYNTRWAKIILPRLIRKG,1
361,MRGGLGLAGAKAKYRGGEIRE,1
362,SLKDYEETIGKAKKAWNIWAD,1
363,MFVRAVEEAKKQGGTVVYGGK,1
364,VKVPETNILGKIGHGYKYAIG,1
365,QVEKAWNLLQKRLPKAYQTRN,1
366,AIKFAQTVIGKPIEPRRILNK,1
367,IPVVAVESDPKQLDTAKKIIT,1
368,AKKIITSTLEKEASKSGQASA,1
369,AGLDVGWKVRKGQGLTGPSLP,1
370,KTGKGWYQYDKPLGRIHKPDP,1
371,RLVAQGSPPLKEWQSLAGPHS,1
372,TYFHPGINLKKIHYDSIKLYE,1
373,ATTPVRVDEFKYQMTRTNWHA,1
374,LKYPAPVTSLKPRPDGTWDVE,1
375,RPTQRVSGLYKTLKSKCSMGF,1
376,EGNESIWYKGKVVGNTTSGSY,1
377,MVPRKGQYIFKEIPLLKQFFQ,1
378,IPKDFFGETVKKGSINAMRFL,1
379,FLEKISTQQVKNKLIENTDAA,1
380,PMPALLQLKEKEAGVVAQARS,1
381,TEEELRMPETKTIFKDLPLPR,1
382,PRLALNCVGGKSSTELLRHLA,1
383,LRGFWLSQWKKNHSPDEFKEL,1
384,GPLQVARVLAKLAEKEKVDLL,1
385,DDFEKKYNALKIPVPEDKYTA,1
386,NTYLVYSKDPKHCQEFLGSSE,1
387,IESLGATNLGKVKHKQCFLYM,1
388,GELRMGGTLPKYRRQSLIYHV,1
389,NNEKSDAPKAKVEQDSEARCR,1
390,RCRSAKPGKKKNDFEQGELYL,1
391,VPTVKLFIDGKFVESKSDKWI,1
392,AEMDAAVESCKRAFPAWADTS,1
393,RYQQLIKENLKEIARLITLEQ,1
394,STAILVGEAKKWLPELVDRAK,1
395,DLGPLITPQAKERVCNLIDSG,1
396,AQEIDQTNDFKNLREFWKQLG,1
397,AFERGDNPFPKNADGTVRYDS,1
398,VEPVDASGTEKAFEPATGRVI,1
399,CCNGTRVFVQKEIADKFINEV,1
400,CAKEAAQLGKKVAVADYVEPS,1
401,TMAEAVQNHVKSLNWGHRVQL,1
402,FLKGCVPSHIKKLPTNQLQVT,1
403,VPETRTLNLEKAGISTNPKNQ,1
404,LSKNLLKMLSKAVDALKSDKK,1
405,CDIRVAASSAKMGLVETKLAI,1
406,KDRLEGLLAFKEKRPPRYKGE,1
407,EKMKSNEAISKELASQKSLPM,1
408,ILSTGCAPPGKNIYYKSDLTK,1
409,LSESVTWIIKKQPVEVDRDQL,1
410,TRSQRYEVAVKKSATMVKKMR,1
411,HYVTVKVFADKLPKIQDRAVQ,1
412,GYLGPDESKWKAYDATCLVKA,1
413,AMVASGSELGKKLKATMDAGK,1
414,AVIMGAPGSGKGTVSSRITKH,1
415,SSRITKHFELKHLSSGDLLRQ,1
416,GEPLIQREDDKPETVIKRLKA,1
417,QTEPVLQYYQKKGVLETFSGT,1
418,VKGILRGDDAKEAVKHGVDGI,1
419,RKHIYIDKNTKIICQGFTGKQ,1
420,LLKKDPGNEVKLRLYALYKQA,1
421,TKITFNRPTKKNAISFQMYRD,1
422,PIRTTADILSKAPKTLISLAP,1
423,STIRFEDDLIKRALQYSPSYG,1
424,WIKVKGISDTKQLIEEKAIER,1
425,ETVDSVKLADKVNSSWQKKGP,1
426,PVIGDSSVDPKNVKTLIFCSG,1
427,CSGKHFYALLKQRESLGTKKH,1
428,IHSCFAMTDRKVASSDASNIE,1
429,FSAGRRVCVGKSLARTELFLL,1
