,DNA,Category
0,CHTVEKGGKHKTGPNLWGLFG,0
1,APGFSYTDANKNKGVIWSEET,0
2,ETLMEYLENPKKYIPGTKMIF,0
3,GTKMIFAGIKKKSEREDLIKY,0
4,MSTAGKVIKCKAAVLWELHKP,0
5,TIEDIEVAPPKAHEVRIKMVA,0
6,ESVGEGVTCVKPGDKVIPLFS,0
7,SPQCGECRICKHPESNFCSRS,0
8,LREGTSRFSCKGKQIHNFIST,0
9,YTVVDDIAVAKIDGASPLDKV,0
10,GFSTGYGSAVKVAKVTPGSTC,0
11,GVGLSVIIGCKAAGAARIIAV,0
12,AARIIAVDINKDKFAKAKELG,0
13,TECINPQDYSKPIQEVLQEMT,0
14,PMLLLLGRTWKGAIFGGFKSK,0
15,GGFKSKDSVPKLVADFMAKKF,0
16,PLITHVLPFEKINEAFDLLRS,0
17,DKSNIKAAWGKIGGHGAEYGA,0
18,ERMFASFPTTKTYFPHFDVSH,0
19,FDVSHGSAQVKGHGKKVADAL,0
20,LSALSDLHAHKLRVDPVNFKL,0
21,FTPAVHASLDKFLASVSTVLT,0
22,VPQAPPVLVFKLTADFRDDPD,0
23,ADFRDDPDPRKVNLGVGAYRT,0
24,SQPWVLPVVRKVEQKIANDNS,0
25,LGRWYNGTDNKNTPIYVSSPT,0
26,HNAVFSAAGFKDIRPYCYWDA,0
27,TGTDPTPEQWKQIAAVMQRRF,0
28,YQGFASGDLEKDAWAIRYFVS,0
29,FELFCAQSFSKNFGLYNERVG,0
30,ERVGNLTVVGKESDSVLRVLS,0
31,AATLSDPELFKEWKGNVKTMA,0
32,SELRARLEALKTPGTWSHITE,0
33,PKQVEYLVNEKHIYLLPSGRI,0
34,GRINMCGLTTKNLDYVATSIH,0
35,DPILGVTEAFKRDTNSKKMNL,0
36,EAQIAAKNLDKEYLPIGGLAE,0
37,LPIGGLAEFCKASAELALGEN,0
38,VGASFLQRFFKFSRDVFLPKP,0
39,QLQGYRYYDPKTCGFDFSGAL,0
40,DFSGALEDISKIPEQSVLLLH,0
41,QWKEIASVVKKKNLFAFFDMA,0
42,DLRKQWLQEVKGMADRIISMR,0
43,MRTQLVSNLKKEGSSHNWQHI,0
44,QIGMFCFTGLKPEQVERLTKE,0
45,PVQGTIHFEQKASGEPVVLSG,0
46,SAGPHFNPHSKKHGGPADEER,0
47,VGDLGNVTAGKDGVANVSIED,0
48,IIGRTMVVHEKQDDLGKGGNE,0
49,SFSTSAQNNAKVAVLGASGGI,0
50,GIGQPLSLLLKNSPLVSRLTL,0
51,LGPEQLPDCLKGCDVVVIPAG,0
52,VVVIPAGVPRKPGMTRDDLFN,0
53,STIPITAEVFKKHGVYNPNKI,0
54,NVPVIGGHAGKTIIPLISQCT,0
55,VFSLVDAMNGKEGVVECSFVQ,0
56,EAIPELKASIKKGEDFVKNMK,0
57,PVAGAAGSRHKHSLPDLPYDY,0
58,NAQIMQLHHSKHHAAYVNNLN,0
59,YVNNLNATEEKYHEALAKGDV,0
60,TTQVALQPALKFNGGGHINHT,0
61,HTIFWTNLSPKGGGEPKGELL,0
62,KRDFGSFEKFKEKLTAVSVGV,0
63,GSGWGWLGFNKEQGRLQIAAC,0
64,VWEHAYYLQYKNVRPDYLKAI,0
65,LAAAGVEFEEKFIQSPEDLEK,0
66,QSPEDLEKLKKDGNLMFDQVP,0
67,QVPMVEIDGMKLVQTRAILNY,0
68,TRAILNYIATKYDLYGKDMKE,0
69,VLCPPDQREAKTALAKDRTKN,0
70,TKNRYLPAFEKVLKSHGQDYL,0
71,LTPFPLLKAFKSRISSLPNVK,0
72,KKFLHPGSQRKPPLDAKQIEE,0
73,LEYTDSSYDEKRYTMGDAPDF,0
74,DFDRSQWLNEKFKLGLDFPNL,0
75,IMLCYNPDFEKQKPEFLKTIP,0
76,EFLKTIPEKMKLYSEFLGKRP,0
77,LGKRPWFAGDKVTYVDFLAYD,0
78,ILDQYRMFEPKCLDAFPNLRD,0
79,RDFLARFEGLKKISAYMKSSR,0
80,PEPAKSAPAPKKGSKKAVTKA,0
81,SKKAVTKAQKKDGKKRKRSRK,0
82,RKESYSVYVYKVLKQVHPDTG,0
83,QVHPDTGISSKAMGIMNSFVN,0
84,SEASRLAHYNKRSTITSREIQ,0
85,VRLLLPGELAKHAVSEGTKAV,0
86,EPVSLGSLRGKVLLIENVASL,0
87,CNQFGHQENGKNEEILNSLKY,0
88,GFEPNFTLFEKCEVNGEKAHP,0
89,DDPTALMTDPKYIIWSPVCRN,0
90,CRNDIAWNFEKFLVGPDGVPV,0
91,MSIRVTQKSYKMSTSGPRAFS,0
92,PNIQAVRTQEKEQIKSLNNKF,0
93,LNNKFASFIDKVRFLEQQNKM,0
94,LEQQNKMLETKWSLLQQQKTS,0
95,RRQLEALGQEKLKLEAELGNM,0
96,GNMQGLVEDFKNKYEDEINKR,0
97,TEMENEFVLIKKDVDEAYMNK,0
98,RAEAETMYQIKYEELQTLAGK,0
99,GKHGDDLRRTKTEISEMNRNI,0
100,NRLQAEIEALKGQRASLEAAI,0
101,GEMAIKDAQTKLAELEAALQR,0
102,LREYQELMNVKLALDIEITTY,0
103,SGMQNMSIHTKTTSGYSGGLS,0
104,GGSNTFSRTTKAVVVKKIETR,0
105,VVKKIETRDGKLVSESSDVVS,0
106,RILLNNAALRKGHTSVVRHFW,0
107,TSVVRHFWCGKPVQSQVQLKG,0
108,QLKGRDLLTLKNFTGEEIQYM,0
109,WLSADLKFRIKQKGEYLPLLQ,0
110,YKQSDLDTLAKEASIPIVNGL,0
111,LTLQEHYGSLKGLTLSWIGDG,0
112,ILHSIMMSAAKFGMHLQAATP,0
113,AEQYAKENGTKLSMTNDPLEA,0
114,WISMGQEDEKKKRLQAFQGYQ,0
115,SLVFPEAENRKWTIMAVMVSL,0
116,QSQENFEPFMKAIGLPEDLIQ,0
117,GLPEDLIQKGKDIKGVSEIVH,0
118,GVSEIVHEGKKIKLTITYGPK,0
119,ECELETMTGEKVKAVVKLEGD,0
120,EGDNKMVTTFKGIKSVTELNG,0
121,YSIGNGSVFGKDQPIILVLLD,0
122,PLLQDVIATDKEEIAFKDLDV,0
123,SMPRREGMERKDLLKANVKIF,0
124,IFKSQGTALEKYAKKSVKVIV,0
125,PANTNCLTASKSAPSIPKENF,0
126,CLTRLDHNRAKSQIALKLGVT,0
127,VNHAKVKLQGKEVGVYEALKD,0
128,YEALKDDSWLKGEFITTVQQR,0
129,TVQQRGAAVIKARKLSSAMSA,0
130,LYSFPVVIKNKTWKFVEGLPI,0
131,GLPINDFSREKMDLTAKELTE,0
132,LDTSCILVWLKEQGYDVIAYL,0
133,VIAYLANIGQKEDFEEARKKA,0
134,ARKKALKLGAKKVFIEDVSKE,0
135,LTCYSLAPQIKVIAPWRMPEF,0
136,WRMPEFYNRFKGRNDLMEYAK,0
137,QHGIPIPVTPKSPWSMDENLM,0
138,SYEAGILENPKNQAPPGLYTK,0
139,GLYTKTQDPAKAPNSPDVLEI,0
140,NSPDVLEIEFKKGVPVKVTNI,0
141,LFMYLNEVAGKHGVGRIDIVE,0
142,DIVENRFIGMKSRGIYETPAG,0
143,EAFTMDREVRKIKQGLGLKFA,0
144,ECEFVRHCIQKSQERVEGKVQ,0
145,VEGKVQVSVFKGQVYILGRES,0
146,GFININSLRLKEYHRLQSKVT,0
147,PTVEVDLYTAKGLFRAAVPSG,0
148,YEALELRDNDKTRFMGKGVSQ,0
149,GVSQAVEHINKTIAPALVSKK,0
150,SKKVNVVEQEKIDKLMIEMDG,0
151,LMIEMDGTENKSKFGANAILG,0
152,AILGVSLAVCKAGAVEKGVPL,0
153,VINGGSHAGNKLAMQEFMILP,0
154,RIGAEVYHNLKNVIKEKYGKD,0
155,LENKEALELLKTAIAKAGYTD,0
156,VAASEFYRSGKYDLDFKSPDD,0
157,ITPDQLADLYKSFVQNYPVVS,0
158,FDQDDWGAWQKFTASAGIQVV,0
159,VGDDLTVTNPKRIAKAASEKS,0
160,SEKSCNCLLLKVNQIGSVTES,0
161,GSVTESLQACKLAQSNGWGVM,0
162,LVVGLCTGQIKTGAPCRSERL,0
163,RIEEELGSKAKFAGRSFRNPL,0
164,DSRDPASDQMKQWKEQRASQR,0
165,TTGGGNPIGDKLNIMTAGSRG,0
166,ERIPERVVHAKGAGAFGYFEV,0
167,EVTHDITRYSKAKVFEHIGKR,0
168,TVRDPRGFAVKFYTEDGNWDL,0
169,ILFPSFIHSQKRNPQTHLKDP,0
170,HMNGYGSHTFKLVNADGEAVY,0
171,GEAVYCKFHYKTDQGIKNLPV,0
172,WTFYIQVMTFKEAETFPFNPF,0
173,TFPFNPFDLTKVWPHKDYPLI,0
174,HKDYPLIPVGKLVLNKNPVNY,0
175,MPPGIEPSPDKMLQGRLFAYP,0
176,YTKVLNEEERKRLCENIAGHL,0
177,LKDAQLFIQKKAVKNFTDVHP,0
178,QALLDKYNAEKPKNAIHTYTQ,0
179,VRTGYGKDMVKVLHIQRDGKY,0
180,IQRDGKYHSIKEVATSVQLTL,0
181,ATSVQLTLRSKKDYLHGDNSD,0
182,TIKNTVHVLAKLRGIRNIETF,0
183,AHVYVEEVPWKRFEKNGIKHV,0
184,NGPPVIHSGIKDLKVLKTTQS,0
185,TTQSGFEGFLKDQFTTLPEVK,0
186,DRCFATQVYCKWRYQRRDVDF,0
187,DKGEYSPSVQKTLYDIQVLSL,0
188,NIHYFNIDMSKMGLINKEEVL,0
189,VLLPLDNPYGKITGTVKRKLP,0
190,DLKTRESEEQKRNRVRGILRI,0
191,AQHSQHRTPCKGGIRYSTDVS,0
192,YSTDVSVDEVKALASLMTYKC,0
193,AVVDVPFGGAKAGVKINPKNY,0
194,PKNYTDNELEKITRRFTMELA,0
195,DINAHACVTGKPISQGGIHGR,0
196,ILGMTPGFGDKTFVVQGFGNV,0
197,SMRYLHRFGAKCVGVGESDGS,0
198,SIWNPDGIDPKELEDFKLQHG,0
199,HGSILGFPKAKVYEGSILEAD,0
200,CDILIPAASEKQLTKSNAPRV,0
201,ANGPTTPEADKIFLERNIMVI,0
202,GVTVSYFEWLKNLNHVSYGRL,0
203,NHVSYGRLTFKYERDSNYHLL,0
204,LMSVQESLERKFGKHGGTIPV,0
205,AYVNAIEKVFKVYNEAGVTFT,0
206,LYYPHMPPEEKEASLAKIKEQ,0
207,RVFVVGVGMTKFMKPGGENSR,0
208,YPDMAKEAGQKALEDAQIPYS,0
209,ANCVLALGFEKMERGSIGTKF,0
210,TDKHIEVLIDKYGLSAHPITP,0
211,ITPQMFGYAGKEHMEKYGTKV,0
212,KYGTKVEHFAKIGWKNHKHSV,0
213,EFVQQYGLQSKAVEIVAQEMM,0
214,MTDLPSTFEEKSIIKVVGYDM,0
215,SKEAARRCYEKSGLTPNDVDV,0
216,VDRGDNTYGGKWVINPSGGLI,0
217,LCWQLRGEAGKRQVPGAKVAL,0
218,APTSSAGDGFKANLVFKEIEK,0
219,VKKIGGIFAFKVKDGPGGKEA,0
220,ATWVVDVKNGKGSVLPNSDKK,0
221,DSDLLALMTGKMNPQSAFFQG,0
222,KIAGNMGLAMKLQNLQLQPGK,0
223,VSRVLAGSAQKPASRVLVASR,0
224,NFANDATFEIKKCDLHRLEEG,0
225,TTVLTREDGLKYYRMMQTVRR,0
226,MMQTVRRMELKADQLYKQKII,0
227,ELTGRRGGCAKGKGGSMHMYA,0
228,PLGAGIALACKYNGKDEVCLT,0
229,FEAYNMAALWKLPCIFICENN,0
230,ERAAASTDYYKRGDFIPGLRV,0
231,KFAAAYCRSGKGPILMELQTY,0
232,TREEIQEVRSKSDPIMLLKDR,0
233,NSNLASVEELKEIDVEVRKEI,0
234,GHVQRAEMVPKSSGARSPSPG,0
235,RELRRRPEDMKTKMELMIMET,0
236,ADFTVDRWERKEGGGGITCVL,0
237,EAANQMRGRGKTLKTKDSKLP,0
238,AMGVSSVIHPKNPYAPTMHFN,0
239,EDAVHFHRTLKEACDQHGPDI,0
240,CDQHGPDIYPKFKKWCDDYFF,0
241,IFFDDLDSPSKEEAFRFVKTC,0
242,AVVPSYVPIVKKHCDDSYTPR,0
243,EYMHSPPENSKEAEILEVLRH,0
244,VSTSSMGTLPKQVKIVEVGPR,0
245,NEKSIVPTPVKIRLIDMLSEA,0
246,VIEATSFVSPKWVPQMADHSD,0
247,DHSDVLKGIQKFPGINYPVLT,0
248,INYPVLTPNMKGFEEAVAAGA,0
249,SCALGCPYEGKVSPAKVAEVA,0
250,TIGVGTPGLMKDMLTAVMHEV,0
251,VAGLGGCPYAKGASGNLATED,0
252,LGIHTGVNLQKLLEAGDFICQ,0
253,GDFICQALNRKTSSKVAQATC,0
254,SRRDYASEAIKGAVVGIDLGT,0
255,CVAVMEGKQAKVLENAEGART,0
256,DGERLVGMPAKRQAVTNPNNT,0
257,TNPNNTFYATKRLIGRRYDDP,0
258,VQKDTKNVPFKIVRASNGDAW,0
259,NGDAWVEAHGKLYSPSQIGAF,0
260,PSQIGAFVLMKMKETAENYLG,0
261,TAENYLGHTAKNAVITVPAYF,0
262,YFNDSQRQATKDAGQISGLNV,0
263,TAAALAYGLDKSEDKVIAVYD,0
264,LEIQKGVFEVKSTNGDTFLGG,0
265,ALQRVREAAEKAKCELSSSVQ,0
266,PYLTMDASGPKHLNMKLTRAQ,0
267,QKAMQDAEVSKSDIGEVILVG,0
268,ILVGGMTRMPKVQQTVQDLFG,0
269,GIETLGGVFTKLINRNTTIPT,0
270,AADGQTQVEIKVCQGEREMAG,0
271,QGEREMAGDNKLLGQFTLIGI,0
272,DANGIVHVSAKDKGTGREQQI,0
273,IVIQSSGGLSKDDIENMVKNA,0
274,AEKYAEEDRRKKERVEAVNMA,0
275,AEGIIHDTETKMEEFKDQLPA,0
276,KDQLPADECNKLKEEISKMRA,0
277,AASSLQQASLKLFEMAYKKMA,0
278,TEGPAGVAVMKLRNPPVNSLS,0
279,CLTEFTISLEKLENDKSIRGV,0
280,RNPAHYAEYWKNVQELWLRLY,0
281,CDYRVMADNPKYTIGLNESLL,0
282,LLGIVAPFWFKDMYVNTIGHR,0
283,GTLFSPAEALKVGVVDEVVPE,0
284,AIPDHSRQLTKNMMRKATADN,0
285,SHFECRTQHSKAAHKQEPGLG,0
286,GFSFELTEQQKEFQATARKFA,0
287,EIIPVAPEYDKSGEYPFPLIK,0
288,PVILAGNDQQKKKYLGRMTEQ,0
289,PSAGSDVAAIKTKAEKKGDEY,0
290,KGDEYVINGQKMWITNGGKAN,0
291,EADTPGIHIGKKELNMGQRCS,0
292,NVLIGEGAGFKIAMGAFDRTR,0
293,LAQRALDEATKYALDRKTFGK,0
294,YGFNTEYPVEKLMRDAKIYQI,0
295,SARARSSSEDKITVHFKNRDG,0
296,RDGETLTTKGKIGDSLLDVVI,0
297,HLIFEDHIYEKLDAITDEEND,0
298,SRLGCQVCLTKAMDNMTVRVP,0
299,NNEWHDAVSRKTFPTVNPSTG,0
300,VAEGNKEDVDKAVKAARAAFQ,0
301,SYLVDLDMVLKCLRYYAGWAD,0
302,YAGWADKYHGKTIPIDGDFFS,0
303,WNFPLLMQAWKLGPALATGNV,0
304,ALATGNVVVMKVAEQTPLTAL,0
305,LTALYVANLIKEAGFPPGVVN,0
306,AAIASHEGVDKVAFTGSTEVG,0
307,IQVAAGSSNLKRVTLELGGKS,0
308,EFVERSVARAKSRVVGNPFDS,0
309,GPQVDETQFKKILGYIKSGQQ,0
310,FIQPTVFGDVKDGMTIAKEEI,0
311,EIFGPVMQILKFKTIEEVVGR,0
312,EEVVGRANDSKYGLAAAVFTK,0
313,AAAVFTKDLDKANYLSQALQA,0
314,FGAQSPFGGYKMSGSGRELGE,0
315,EYGLQAYTEVKTVTVKVPQKN,0
316,LAGGIAAAVSKTAVAPIERVK,0
317,KLLLQVQHASKQISAEKQYKG,0
318,GIIDCVVRIPKEQGFLSFWRG,0
319,FPTQALNFAFKDKYKQIFLGG,0
320,QIFLGGVDRHKQFWRYFAGNL,0
321,ARTRLAADVGKGSSQREFNGL,0
322,EFNGLGDCLTKIFKSDGLKGL,0
323,AAYFGVYDTAKGMLPDPKNVH,0
324,RRRMMMQSGRKGADIMYTGTL,0
325,MYTGTLDCWRKIAKDEGANAF,0
326,QQQQFPSLDDKPQFPGASAEF,0
327,FPGASAEFVDKLEFIQPNVIS,0
328,DPHLPQEEVLKFYRSMTLLNT,0
329,QCYGNVNDPGKGRQMPVHYGC,0
330,PQAVGAAYAAKRANANRIVIC,0
331,NDVFAVYNATKEARRRAVAEN,0
332,RSVDEVNYWDKQDHPISRLRQ,0
333,NQGWWDEEQEKAWRKQSRKKV,0
334,VMEAFEQAERKLKPNPSLLFS,0
335,TLSSDASTREKPARAESKSFA,0
336,ESKSFAVGMFKGQLTIDQVFP,0
337,VLSEEQAQFLKELVGPVARFF,0
338,NDPAKNDALEKVEDDTLQGLK,0
339,TLGAHQSIGFKGILLYGTKAQ,0
340,LLYGTKAQREKYLPRVASGQA,0
341,RSSAIPSPCGKYYTLNGSKIW,0
342,GLADIFTVFAKTPIKDAATGA,0
343,KDAATGAVKEKITAFVVERSF,0
344,GGVTHGLPEKKMGIKASNTSE,0
345,NTSEVYFDGVKVPSENVLGEV,0
346,GMAATLAGTMKSLIAKAVDHA,0
347,HATNRTQFGDKIHNFGVIQEK,0
348,MLSANMDQGFKDFQIEAAISK,0
349,SKIFCSEAAWKVADECIQIMG,0
350,IQIMGGMGFMKEPGVERVLRD,0
351,LFVALQGCMDKGKELTGLGNA,0
352,NVGLLMGEAGKQLRRRTGIGS,0
353,LDQFATVVEAKLVKHKKGIVN,0
354,ELFRNFRSISKAMVENGGLVT,0
355,RLLLRSLRVLKARSAPRPPPS,0
356,AEARLETPSAKKLTDVGIRRI,0
357,EHDIFRESVRKFFQEEVIPHH,0
358,QGLLGINIAEKHGGIGGDLLS,0
359,VMPYIANYGTKEQIEKFIPQM,0
360,EKFIPQMTAGKCIGAIAMTEP,0
361,SGSDWILNGSKVFITNGWLSD,0
362,ISLFLVENGMKGFIKGRKLHK,0
363,PANALLGEENKGFYYLMQELP,0
364,TVAHIQTVQHKLAELKTHICV,0
365,VDSCLQLHETKRLDSGSASMA,0
366,WGYMWEYPIAKAYVDARVQPI,0
367,PIYGGTNEIMKELIARQIVSD,0
368,VIVNDLGGDFKGIGKGSSAAD,0
369,ADKVVAEIRRKGGKAVANYDS,0
370,QVTRAAWDHMKKQNYGRILMT,0
371,LCNTLAIEGRKNNIHCNTIAP,0
372,VLPEDLVEALKPEYVAPLVLW,0
373,LFEVGAGWIGKLRWERTLGAI,0
374,WERTLGAIVRKRNQPMTPEAV,0
375,TPEAVRDNWEKICDFSNASKP,0
376,STGGIVEVLHKVDSEGISPNR,0
377,TSGFVGAVGHKLPSFSSSYTE,0
378,MYALGVGASVKNPKDLKFVYE,0
379,LPTFGVIVAQKSMMNGGLAEV,0
380,LHGEQYLELYKPLPRSGELKC,0
381,IVMDVYSYSGKELICYNQFSV,0
382,FVVGSGGFGGKRTSEKLKAAV,0
383,QFADNDVSRFKAIKVRFAKPV,0
384,PGQTLQTEMWKEGNRIHFQTK,0
385,LVFGEIGRRLKSVGREVVKKA,0
386,ANAVFEWHITKGGTVAAKWTI,0
387,TVAAKWTIDLKSGSGEVYQGP,0
388,EVVFGKLDPQKAFFSGRLKAR,0
389,KARGNIMLSQKLQMILKDYAK,0
390,ARDEGSKAFFKGAWSNVLRGM,0
391,WYSPGTRQARKEYQERHVPGA,0
392,VLNGGFRNWLKEGHPVTSEPS,0
393,EPSRPEPAVFKATLNLSLLKT,0
394,VNMPFMDFLTKDGFEKSPEEL,0
395,LSQPLIATCRKGVTACHVALA,0
396,AAGCDFNNVVKTTVLLADMND,0
397,NDFGTVNEIYKTYFQGSLPAR,0
398,QDSLPRLPIPKLEDTMKRYLS,0
399,KPLLNDSQFRKTEVLCKDFEN,0
400,LCKDFENGIGKELHAHLLAQD,0
401,AHLLAQDKQNKHTSYISGPWF,0
402,NPFMAFNPDPKSEYNDQLTRA,0
403,NLTVSAVRFLKTLRAGLLEPE,0
404,NPARSDTDAFKRLIRFVPSSL,0
405,FRLFNSTRIPKPSRDELFTDT,0
406,VNPSEIQAHLKYILSDSSPVP,0
407,NRDVWAELRQKLIHGGNEETL,0
408,FCLCLDDFPMKDLVHLSHTML,0
409,HGDGTNRWFDKSFNLIVAKDG,0
410,AATDSSVSVQKLSFKLSSALK,0
411,SALKAGVTAAKEKFDATMKTL,0
412,IDAIQFQRGGKEFLKKKKLSP,0
413,ETIRPASIFTKRCSEAFVREP,0
414,ELQHMMAECSKYHGQLTKEAA,0
415,NAREFLHCVQKCLEDMFDALE,0
416,PEQPRRHYAEKRIKVEKPVVE,0
417,EMTRIIWQFIKEKLILPHVDV,0
418,LILPHVDVQLKYFDLGLPNRD,0
419,VTIDSALATQKYSVAVKCATI,0
420,TPDEARVEEFKLKKMWKSPNG,0
421,GTVFREPIICKNIPRLVPGWT,0
422,DFVVDRAGTFKLVFTPKDGSS,0
423,AHSCFQYSIQKKWPLYLSTKN,0
424,LYLSTKNTILKAYDGRFKDIF,0
425,FKDIFQEIFDKHYKTDFDKNK,0
426,KSSGGFVWACKNYDGDVQSDI,0
427,MTSVLVCPDGKTIEAEAAHGT,0
428,TVTRHYREHQKGRPTSTNPIA,0
429,AWTRGLEHRGKLDGNQDLIRF,0
430,VQTVESGAMTKDLAGCIHGLS,0
431,AGCIHGLSNVKLNEHFLNTTD,0
432,LAPARRVLQVKRAMQETSLTP,0
433,FSTIPPAPLAKTDTWPKDVGI,0
434,AQYVDQTDLEKFNNVEAGKYT,0
435,ETIIDKSKAVKTVLMELFQDS,0
436,AGAVAMLIGPKAPLVLEQGLR,0
437,THMENAYDFYKPNLASEYPLV,0
438,LASEYPLVDGKLSIQCYLRAL,0
439,ALDRCYAAYRKKIQNQWKQAG,0
440,QYMIFHTPFCKMVQKSLARLM,0
441,LKASLDMFNQKTKASLYLSTN,0
442,KDASPGSPLEKLVSSVSDLPK,0
443,IMNQREQFYHKVNFSPPGDTS,0
444,ICAKAVRDALKTEFKANAEKT,0
445,DYAAQASAAPKAGTATGRIVA,0
446,GEPIDERGPIKTKQFAPIHAE,0
447,VEQEILVTGIKVVDLLAPYAK,0
448,LIMELINNVAKAHGGYSVFAG,0
449,EMIESGVINLKDATSKVALVY,0
450,GTMQERITTTKKGSITSVQAI,0
451,EHYDVARGVQKILQDYKSLQD,0
452,LGMDELSEEDKLTVSRARKIQ,0
453,VAEVFTGHMGKLVPLKETIKG,0
454,MVGPIEEAVAKADKLAEEHGS,0
455,ITRRLACSSQKNLHLFIPGSR,0
456,GSRYISQAAAKVDIEFDYDGP,0
457,IEFDYDGPLMKTEVPGPRSKE,0
458,VPGPRSKELMKQLNTIQNAEA,0
459,PIGYNHPALAKLVQQPQNAST,0
460,GILPPENFVDKLQESLMSVAP,0
461,CGSCSNENAFKTIFMWYRSKE,0
462,SKERGQRGFSKEELETCMVNQ,0
463,LATTHSKAIHKIDIPSFDWPI,0
464,DWPIAPFPRLKYPLEEFTTDN,0
465,CLEEVEDLIVKYRKKKRTVAG,0
466,DNHASDDFFRKLRDIARKHGC,0
467,EVQTGGGCTGKFWAHEHWGLD,0
468,DDPADVMTFSKKMMTGGFFHK,0
469,IFNTWLGDPSKNLLLAEVINI,0
470,DLLNNVARVGKTLLTGLLDLQ,0
471,FDTPDEAIRNKLILIARNKGV,0
472,KGVVLGGCGDKSIRFRPTLVF,0
473,LAPHLTRAYAKDVKFGADARA,0
474,EQSWGSPKVTKDGVTVAKSID,0
475,TVAKSIDLKDKYKNIGAKLVQ,0
476,IAKEGFEKISKGANPVEIRRG,0
477,AVIAELKKQSKPVTTPEEIAQ,0
478,IGNIISDAMKKVGRKGVITVK,0
479,NDELEIIEGMKFDRGYISPYF,0
480,YISPYFINTSKGQKCEFQDAY,0
481,FQDAYVLLSEKKISSVQSIVP,0
482,PALEIANAHRKPLVIIAEDVD,0
483,LEDVQAHDLGKVGEVIVTKDD,0
484,TKDDAMLLKGKGDKAHIEKRI,0
485,DITTSEYEKEKLNERLAKLSD,0
486,AKLSDGVAVLKVGGTSDVEVN,0
487,GTSDVEVNEKKDRVTDALNAT,0
488,LRCIPALDSLKPANEDQKIGI,0
489,EDQKIGIEIIKRALKIPAMTI,0
490,AGVEGSLIVEKILQSSSEVGY,0
491,MLGDFVNMVEKGIIDPTKVVR,0
492,TAEAVVTEIPKEEKDPGMGAM,0
493,FGTYAPQEVPKSKATEATKIA,0
494,IDSASMYQNEKEVGLAIRSKI,0
495,IRSKIADGTVKREDIFYTSKV,0
496,LVRVCLEQSLKQLQLDYVDLY,0
497,LYLIHFPMAMKPGENYLPKDE,0
498,ENYLPKDENGKLIYDAVDICD,0
499,DICDTWEAMEKCKDAGLAKSI,0
500,NRRQLEKILKKPGLKYKPVCN,0
501,VECHPYLNQGKLLDFCRSKDI,0
502,AYSALGSHREKQWVDQSSPVL,0
503,LDNPVLGSMAKKYNRTPALIA,0
504,QLQRGVVVLAKSFSEKRIKEN,0
505,FEFQLTSEDMKVLDDLNKNIR,0
506,NIRYISGSSFKDHPDFPFWDE,0
507,VLRSAVSVHLKRNIGVTAVAF,0
508,LDPVQKLFVDKIREYKSKRQA,0
509,YQQDLDRELYKLKQMYGKGEM,0
510,IPVIQAFGILKRAAAEVNQEY,0
511,MKAADEVAEGKLNDHFPLVVW,0
512,IEMLGGELGSKKPVHPNDHVN,0
513,MHIAAAVEVHKVLLPGLQKLH,0
514,LQKLHDALSAKSKEFAQVIKI,0
515,QQVQYAMVRIKAAMPRIYELA,0
516,RIGFAEKVAAKVAALTGLPFV,0
517,TGLPFVTAPNKFEALAAHDAL,0
518,AMNTAACSLMKIANDIRFLGS,0
519,NEPGSSIMPGKVNPTQCEAMT,0
520,SNGHFELNVFKPMMIKNVLHS,0
521,TALNPHIGYDKAAKIAKTAHK,0
522,KTAHKNGSTLKETAIELGYLT,0
523,GVISSDQFRGKSVLLNIFPSV,0
524,ASGATVLCVSKDLPFAQKRFC,0
525,AVAKLEEARAKEDHSAILLNE,0
526,AIADAFGSFDKFRAQFHAAAT,0
527,AALGWDTLGNKLLIFQVYDHQ,0
528,QYKNVKVDFAKAFWNVVNWAD,0
529,AVTHRGSGAPKGLFGVECDVT,0
530,DAFLMRMTEEKFEKVINANLT,0
531,QRASRSMQRNKFGRMIFIGSV,0
532,MARSIARELSKANVTANVVAP,0
533,ADLSLADFGRKELRIAEHEMP,0
534,VGPHGTPDEPKGVPVFAWKGE,0
535,EQMLTWPDPDKPANMILDDGG,0
536,MLVLRGMQYEKAGVVPPAEED,0
537,PAEEDDPAEWKVFLNLLRTRF,0
538,NLLRTRFETDKDKWTKIAESV,0
539,PAINVNDSVTKSKFDNKYGTR,0
540,NRGTDALIGGKKVLICGYGDV,0
541,DVGKGCAEAMKGQGARVSVTE,0
542,ADIVVTATGNKDIIMLEHIKA,0
543,ERSGATRVNVKPQVDLWTFGD,0
544,QTIAQIELWTKNDEYDNEVYR,0
545,VYRLPKHLDEKVARIHVEALG,0
546,HVEALGGHLTKLTKEQAEYLG,0
547,GFRLGITTDWKSRWYADKQYA,0
548,YADKQYAEYVKEDVAIRRLLS,0
549,EADRIRADLEKLTGKQVQLNI,0
550,KQVQLNILEVKNPESQAQLVA,0
551,IQSAMRQPNVKGIRVQCSGRL,0
552,ADIDYGLYEAKTTFGRIGVKV,0
553,GRIGVKVWIYKGDIVGGKREL,0
554,LSTDELLDAFKEMTLLELSDF,0
555,TLLELSDFVKKFEETFEVTAA,0
556,FDVILEAAGDKKIGVIKVVRE,0
557,IVSGLGLKEAKDLVDGAPKPL,0
558,APKPLLEKVAKEAADEAKAKL,0
559,NMLLSATTASKNPKEHFDFFP,0
560,AQQELADAAGKSGKPTVDFPV,0
561,ELAAALTIGGKAERDQRIDEI,0
562,EVGAALRALTKKLVRQRILTD,0
563,ILGVTTLDMIKMAQQIDSLGP,0
564,TGETGRVGSPKRREIGHGALA,0
565,LALLNAGVPLKAPVAGIAMGL,0
566,DFVTALQLDTKLDGIPSQVLA,0
567,QVLAGALEQAKDARLTILEVM,0
568,SPYAPRVTTIKVPVDKIGEVI,0
569,VDKIGEVIGPKGKVINAITEE,0
570,DGPSAQAAIDKINAIANPQLP,0
571,PGRDGLVHISKLGKGKRIAKV,0
572,KVEDVVNVGDKLRVEIADIDK,0
573,VEIADIDKRGKISLILVADED,0
574,VTEGTVTRWLKQEGDTVELDE,0
575,IPSPAAGVLTKIIAQEDDTVE,0
576,AGEAAAPAPEKVPAAQPESKP,0
577,KPVPEPAPTPKAEPAPSPPAA,0
578,TGTGVGGRIRKQDVLAAAEQK,0
579,LAAAEQKKRAKAPAPAAQAAA,0
580,ALAHLRGTTQKASRIRQITAN,0
581,LTQTHEVDMTKIVGLRARAKA,0
582,NINASYNEDTKEITYYDAEHL,0
583,IAARARSGNLKPDELSGGTFT,0
584,AAMLGTGAIVKRPRVVVDASG,0
585,ADAGRFLTTIKHRLEEGAFEA,0
586,RPRYDDWSLPKGKVDPGETAP,0
587,YPTDSPFRGVKKVHYWAARST,0
588,IWLPVPDAMNKLDYAQDRKVL,0
589,LVVRHGTAGSKAHFSGDDSKR,0
590,SGDDSKRPLDKRGRAQAEALV,0
591,WCERDGVHPDKSRNRKGSTWV,0
592,GGYLELYWAAKDLISHYYDAD,0
593,GLHAAIADLSKVNRGFGPLLL,0
594,TRRLCEWAGCKFLGEHDTTNR,0
595,VSWREEVAVVKRRAFADQPYW,0
596,LRLAGASGTPKPRFGHGVVTE,0
597,TNVDRTVRSVKRHMGSDWSIE,0
598,GSDWSIEIDGKKYTAPEISAR,0
599,RVVDWLVDKFKGTSGIDLTKD,0
600,ITQDLLDRTRKPFQSVIADTG,0
601,TRMPAVTDLVKELTGGKEPNK,0
602,LQAGVLKGEVKDVLLLDVTPL,0
603,LSKEDIDRMIKDAEAHAEEDR,0
604,QAETLVYQTEKFVKEQREAEG,0
605,KEQREAEGGSKVPEDTLNKVD,0
606,DISAIKSAMEKLGQESQALGQ,0
607,RAELPGVDPDKDVDIMVRDGQ,0
608,IMVRDGQLTIKAERTEQKDFD,0
609,DEDDIKATYDKGILTVSVAVS,0
610,LTVSVAVSEGKPTEKHIQIRS,0
611,TNDLGRIGPGKAQYTLCCTES,0
612,ARCGWAVGWRKDAFFGRAALL,0
613,QFNRPQFDTSKRRLGAALTIQ,0
614,LTIQDLRRIAKRRTPRAAFDY,0
615,DLVIAVPQGRKWFQLYMWRDR,0
616,LAWIKSQWPGKLVVKGIQTLD,0
617,GKTTLTAAITKVLHDKFPDLN,0
618,HDKFPDLNETKAFDQIDNAPE,0
619,NIAHVEYQTDKRHYAHVDAPG,0
620,VDAPGHADYIKNMITGAAQMD,0
621,GVPYILVALNKADAVDDEELL,0
622,EIVGIRPSTTKTTVTGVEMFR,0
623,EDVERGQVVTKPGTTTPHTEF,0
624,EFEGQVYILSKDEGGRHTPFF,0
625,LITAGRNRIVKSLERAVSAGK,0
626,ASNTSSIPIMKVAAATKQPQR,0
627,TEEFASTVLGKQVVRCSDRSG,0
628,LSDLVGLDTLKLIADKMFEEF,0
629,AKVNIKPLEDKILVQANEAET,0
630,ASGLVIPDTAKEKPQEGTVVA,0
631,GPGRWDEDGEKRIPLDVAEGD,0
632,VAEGDTVIYSKYGGTEIKYNG,0
633,RGLNALADAVKVTLGPKGRNV,0
634,GPKGRNVVLEKKWGAPTITND,0
635,TITNDGVSIAKEIELEDPYEK,0
636,IGAELVKEVAKKTDDVAGDGT,0
637,LLKGAKEVETKEQIAATAAIS,0
638,EDPYILLVSSKVSTVKDLLPL,0
639,TVKDLLPLLEKVIGAGKPLLI,0
640,GEALSTLVVNKIRGTFKSVAV,0
641,VKAPGFGDRRKAMLQDMAILT,0
642,LGKARKVVVTKDETTIVEGAG,0
643,KAGAATEVELKERKHRIEDAV,0
644,LQAAPTLDELKLEGDEATGAN,0
645,IVKVALEAPLKQIAFNSGLEP,0
646,LLAAGVADPVKVTRSALQNAA,0
647,TATILAQALIKGGLRLVAAGV,0
648,NPIALGVGIGKAADAVSEALL,0
649,GTAEAVANRAKHLRAEIDKSD,0
650,GGASLIHQARKALTELRASLT,0
651,VLTTETVVVDKPAKAEDHDHH,0
652,LVIFAIIVVAKSVALIPQAEA,0
653,PPPSIQASMEKQMKADREKRA,0
654,TAEGTREAAIKQAEGQKQAQI,0
655,AAYLQAQGQAKAIEKTFAAIK,0
656,LPEMARGDANKVWVVPSDFNA,0
657,ALQGFTRLLGKPGEDGVFRFE,0
658,FEPSPVEDQPKHAADGDDAEV,0
659,ALPRRAGLVSKNALGSSFVGA,0
660,NLHASNTRLQKTGTAEMSSIL,0
661,EEMVEFSSGLKGMSLNLEPDN,0
662,NVGVVVFGNDKLIKEGDVVKR,0
663,GSKTRRRVGLKAPGIIPRISV,0
664,ELIIGDRQTGKTSIAIDTIIN,0
665,LYCIYVAIGQKRSTVAQLVKR,0
666,VKRLTDADAMKYTIVVSATAS,0
667,SMGEYFRDNGKHALIIYDDLS,0
668,LHSRLLERAAKMNDSFGGGSL,0
669,RAMKQVAGTMKLELAQYREVA,0
670,SRGVRLTELLKQGQYSPMAIE,0
671,KISEQSDAKLKEIVTNFLAGF,0
672,REHLFPTAQVKKMGELGLLAM,0
673,NNSLYLGPILKFGSAQQKQQW,0
674,QWITPFTNGDKIGCFALSEPG,0
675,FASTDRSRQNKGISAFLVPMP,0
676,PLTKLQNIQFKLADMALALES,0
677,WRAAMLKDNKKPFTKESAMAK,0
678,RLFSALLQVQKRPCQPSRNMR,0
679,DLNAFDSTLPKTMVQFLEQGE,0
680,TFLAPVTRPEKVICVGLNYAD,0
681,RVPKSPIIFSKFSSSIVGPYD,0
682,YDEIILPPESKEVDWEVEMAV,0
683,EMAVVIGKKGKHIKATDVMAH,0
684,SARDWQMRNGKQWLLGKTFDT,0
685,QSSNTNQMVFKTEYLIAWVSQ,0
686,GTPPGVGMFRKPPVFLKKGDE,0
687,VRVLLFRSAVKGVFCAGADLK,0
688,LPRCLGVALAKELIFTGRRLN,0
689,SLGASRIAVPKLTLHTKHSMP,0
690,SMPPCDFSPEKYQSLAYSRVL,0
691,VTVSVGHCHPKVSAVAKKQID,0
692,FHSPMHEYAEKLSALLPEPLK,0
693,QGVNGVVQYPKEFLKEAFALV,0
694,AAVVTTPEIAKSLAKRLLHFS,0
695,SQEVGTYMLLKFAKLRDEFDI,0
696,EFDIVGDVRGKGLMVGIEMVQ,0
697,TEVNQIHEDCKDMGLLVGRGG,0
698,FRIVPPMCVTKMEVDFAYEVF,0
699,STYQENYEQMKALVSQLHERA,0
700,KARARHTSRGKLLPRDRIDNL,0
701,CMIVANDATVKGGTYYPVTVK,0
702,IFYNQAIMSSKNITQIAVVMG,0
703,AMADENIIVQKQGTIFLAGPP,0
704,TIFLAGPPLVKAATGEEVSAE,0
705,DDHHALHLTRKVVRSLNYQKK,0
706,ELYGIVGANLKRSFDVREVIA,0
707,IVDGSRFNEFKALYGDTLVTG,0
708,NNGVLFSESAKKGAHFVQLCC,0
709,AKMVAAVACAKVPKITVIIGG,0
710,TVLATVARDQKAREGKQFSSA,0
711,QFSSAEEAALKEPIIKRFEEE,0
712,PQNFSNYESMKQDFKIEIPEY,0
713,IEIPEYFNFAKDVLDQWTNME,0
714,SFEELGLLSRKFANILTEACS,0
715,RGDRVMVILPKIPEWWLANVA,0
716,LIPGTTQLTQKDILYRLQSSK,0
717,LAPAVDAVAAKCENLHSKLIV,0
718,QHSREGWGNLKEMMKYASDSH,0
719,ASDSHTCVDTKHDEMMAIYFT,0
720,YFTSGTTGPPKMIGHTHSSFG,0
721,MWNTSDTGWAKSAWSSVFSPW,0
722,ESTSILQTLSKFPITVFCSAP,0
723,MLVQNDMSSYKFNSLKHCVSA,0
724,INPEVMEQWRKKTGLDIYEGY,0
725,TETVLICGNFKGMKIKPGSMG,0
726,MGKPSPAFDVKILDENGATLP,0
727,LFTHYVDNPSKTASTLRGSFY,0
728,KAFIVLNPDYKSHDQEQLKKE,0
729,LKKEIQEHVKKTTAPYKYPRK,0
730,RKVEFIEELPKTVSGKVKRNE,0
731,GAARRLFSSEKVIRKDYALPN,0
732,DLRLLFDQFMKKCEDGSWKRM,0
733,QEFQTLFVDSKFKKEEQMSKA,0
734,LGFEYAMFYNKVEKRTVSLFQ,0
735,AMTANLNITYKKPIPLLSVVV,0
736,SVVVVNSQLQKIEGRKLFVSC,0
737,VSCTIQSIDEKTLYTEATALF,0
738,VFHMNQGNPFKLKALVDKWPD,0
739,QHTNTYQIYSKDPKHCLEFLG,0
740,FLGTPDVINWKQHLQIQSSQS,0
741,NEAIMDLAAGKMVKVKRTQCI,0
742,CILYMMPETAKKLVPSLLEDK,0
743,RPRAIDQEMFKLSTLDVTHAP,0
744,IIYAQTLAMDKRGYPVYNHTE,0
745,HTEQTNKVIQKMSHTLHHVPM,0
746,HSYLRISLTEKCNLRCQYCMP,0
747,EILTLARLFVKEGVDKIRLTG,0
748,NISLDTLVPAKFEFIVRRKGF,0
749,GFHKVMEGIHKAIELGYKPVK,0
750,FIEYMPFDGNKWNFKKMVSYK,0
751,KLPEEDSSTAKAFKIPGFQGQ,0
752,LRIIGAAVGRKKRQHAGMFNI,0
753,HAGMFNIAQMKNRPMILIGVL,0
754,CLSDQMASLWKRHCIPKALPL,0
755,SSYPDPDTHSKCLSTGSQAPD,0
756,AFKLVQQNQLKKGDALVVAQL,0
757,VAQLAGVQAAKLTSQLIPLCH,0
758,MAALTVYDMCKAVSRDIVVTE,0
759,IVVTEVKLISKTGGQRGDFHR,0
760,LRPLTASQTVKTFSQNKPAAI,0
761,EMYCAWLENPKSVHKSWDIFF,0
762,SLVEAQPNVDKLVEDHLAVQS,0
763,VPADIISSTDKLGFYGLHESD,0
764,FYGLHESDLDKVFHLPTTTFI,0
765,DLEQCQWIRQKFETPGIMQFT,0
766,PGIMQFTNEEKRTLLARLVRS,0
767,STRFEEFLQRKWSSEKRFGLE,0
768,EGCEVLIPALKTIIDMSSANG,0
769,RLNVLANVIRKELEQIFCQFD,0
770,EQFYCGDTEGKKVMSILLHGD,0
771,DDPEAVMYVCKVAAEWRNTFH,0
772,EPMFTQPLMYKQIRKQKPVLQ,0
773,NQPEYEEEISKYDKICEEAFT,0
774,EEAFTRSKDEKILHIKHWLDS,0
775,LEEDVLFHIGKVASSVPVENF,0
776,TIHGGLSRILKTRRELVTNRT,0
777,AEYMAFGSLLKEGIHVRLSGQ,0
778,HHVLHDQNVDKRTCIPMNHLW,0
779,LRRQILLPFRKPLIVFTPKSL,0
780,ENGPAAQDPHKVKRLLFCTGK,0
781,KVYYDLTRERKARNMEEEVAI,0
782,PFDLLLKEAQKYPNAELAWCQ,0
783,AELAWCQEEHKNQGYYDYVKP,0
784,SLEIIGAPFSKGQPRGGVEKG,0
785,AALRKAGLLEKLKETEYDVRD,0
786,VPNDSSFQIVKNPRSVGKANE,0
787,ELAGVVAEVQKNGRVSVVLGG,0
788,VSFLLKELKGKFPDVPGFSWV,0
789,FSWVTPCISAKDIVYIGLRDV,0
790,EHYIIKTLGIKYFSMTEVDKL,0
791,MTEVDKLGIGKVMEETFSYLL,0
792,EETFSYLLGRKKRPIHLSFDV,0
793,DIMEVNPTLGKTAEEVKSTVN,0
794,CFGTQREGNHKPGTDYLKPPK,0
795,SSSSSASAAAKKILIKHVTVI,0
796,GIEESLKRMAKKKFTENPKAG,0
797,LVVEAIVENLKLKNELFQRLD,0
798,LHFFNPVPMMKLVEVIKTPMT,0
799,SLVDFCKTLGKHPVSCKDTPG,0
800,ASKEDIDTAMKLGAGYPMGPF,0
801,SPSMNNLVAQKKLGKKTGEGF,0
802,LGGYVATIGTKFCALNWENQS,0
803,VFVLAMVDEDKKNNRFNDGKV,0
804,LYSLFPDHSVKKYFDQVDISN,0
805,SNGLDWSLDHKIFYYIDSLSY,0
806,GQISNRRIVYKMEKDEQIPDG,0
807,PDGMCIDAEGKLWVACYNGGR,0
808,DKTTSCCFGGKDYSEMYVTCA,0
809,VERSAAETVTKGGIMLPEKSQ,0
810,YGGTKVVLDDKDYFLFRDSDI,0
811,RRLISLGCRSKPIKTIYSSSK,0
812,AKMALKFKNAKRIEGLDSNVW,0
813,FPDISPPSYVKEELSKAAFID,0
814,AVPVFIPLRSKPTDGMKWTSS,0
815,WTFDPRELESKFSSKTKAIIL,0
816,ILNTPHNPLGKVYTRQELQVI,0
817,ELQVIADLCVKHDTLCISDEV,0
818,WLVYTGHTHVKIATLPGMWER,0
819,ERTITIGSAGKTFSVTGWKLG,0
820,GWSIGPAHLIKHLQTVQQNSF,0
821,ALAEAFWIDIKRMDDPECYFN,0
822,DPECYFNSLPKELEVKRDRMV,0
823,MVRLLNSVGLKPIVPDGGYFI,0
824,DMNSDEPYDYKFVKWMTKHKK,0
825,AIPVSAFCDSKSKPHFEKLVR,0
826,PKPGVFNFVNKATWDARNALG,0
827,DARNALGSLPKETARKNYVDL,0
828,SSSSEAPSQGKRGADEKARES,0
829,ILVTSEDGITKITFNRPTKKN,0
830,EIQDVVATSTKILREFVNCFI,0
831,EFVNCFIDFPKPLVAVVNGPA,0
832,PEACSTYMFPKIMGPTKAAEM,0
833,TKAAEMLLFGKKLTAREAWAQ,0
834,TFETEVWTRLKTYSKLSPNVM,0
835,KLSPNVMRISKELIRKHEKQK,0
836,LERMPREEYAKALRNFLFRKA,0
837,RHASASSTNLKDVLRNLIPKE,0
838,NLIPKEQARIKTFRKKHGKTV,0
839,FRGYSIPECQKLLPKAKGGKE,0
840,QVSWLSQEWVKRAALPSHVVT,0
841,RAYAQGMNRTKYWELTYEDCM,0
842,TYEDCMDLLAKLPCVAAKIYR,0
843,EDRNIEAIDSKLDWSHNFTNM,0
844,KEVGEDASDEKLKNYIWNTLN,0
845,VPGYGHAVLRKTDPRYSCQRE,0
846,RYSCQREFALKHLPKDPMFKL,0
847,PMFKLVGQLYKIVPDILLEQG,0
848,PDILLEQGKAKNPWPNVDAHS,0
849,RALGFPLERPKSMSTDALMKF,0
850,LSRPLSQLPGKALSVRDRENG,0
851,CDSGFGFSLAKHLHSKGFLVF,0
852,GFLVFAGCLMKDKGDAGVKEL,0
853,LNVCNSEEVEKAVETIRSGLK,0
854,TIRSGLKDPEKGMWGLVNNAG,0
855,EVEFTSMETYKEVAEVNLWGT,0
856,VNLWGTVRTTKSFLPLLRRAK,0
857,NPARSPYCITKFGIEAFSDCL,0
858,LRYEMHPLGVKVSVVEPGNFI,0
859,YSPERIQAIAKKMWDDLPEVV,0
