,DNA,Category
0,GIGKITPFEEKMIAEAIPELK,1
1,EPKGELLEAIKRDFGSFEKFK,1
2,RYLPAFEKVLKSHGQDYLVGN,1
3,KMKLYSEFLGKRPWFAGDKVT,1
4,RDYTEMNDLQKRLGPRGLVVL,1
5,DKVRFLEQQNKMLETKWSLLQ,1
6,ETKWSLLQQQKTSRSNMDNMF,1
7,EMENEFVLIKKDVDEAYMNKV,1
8,KYEELQTLAGKHGDDLRRTKT,1
9,DAEQRGEMAIKDAQTKLAELE,1
10,ALDIEITTYRKLLEGEESRLE,1
11,SADLKFRIKQKGEYLPLLQGK,1
12,QGKSLGMIFEKRSTRTRLSTE,1
13,MTDAVLARVYKQSDLDTLAKE,1
14,FGMHLQAATPKGYEPDPNIVK,1
15,NIVKLAEQYAKENGTKLSMTN,1
16,TWISMGQEDEKKKRLQAFQGY,1
17,QAFQGYQVTMKTAKVAASDWT,1
18,DWTFLHCLPRKPEEVDDEVFY,1
19,KGVSEIVHEGKKIKLTITYGP,1
20,MTGEKVKAVVKLEGDNKMVTT,1
21,SRISSLPNVKKFLQPGSQRKP,1
22,DLLKANVKIFKSQGTALEKYA,1
23,RKKALKLGAKKVFIEDVSKEF,1
24,QVEIAQREGAKYVSHGATGKG,1
25,KGVPVKVTNIKDGTTRTTSLE,1
26,ILRIEEELGSKAKFAGRSFRN,1
27,KFHYKTDQGIKNLPVGEAGRL,1
28,EHSVQCAVDVKRFNSANEDNV,1
29,NVTQVRTFYTKVLNEEERKRL,1
30,HLKDAQLFIQKKAVKNFTDVH,1
31,YGARIQALLDKYNAEKPKNAI,1
32,EVEFVRTGYGKDMVKVLHIQR,1
33,VKVLHIQRDGKYHSIKEVATS,1
34,TSVQLTLRSKKDYLHGDNSDI,1
35,NSDIIPTDTIKNTVHVLAKLR,1
36,KDQFTTLPEVKDRCFATQVYC,1
37,WGAVRDIVLQKFAGPYDKGEY,1
38,FDRGASIVEDKLVEDLKTRES,1
39,LQHGSILGFPKAKVYEGSILE,1
40,IPAASEKQLTKSNAPRVKAKI,1
41,VQESLERKFGKHGGTIPVVPT,1
42,FQDRISGASEKDIVHSGLAYT,1
43,SARQIMRTAMKYNLGLDLRTA,1
44,RTAAYVNAIEKVFKVYNEAGV,1
45,YIASKYNLYGKDMKERAIIDM,1
46,GSQRKPFDDAKCVESAKKIFS,1
47,ENSRDYPDMAKEAGQKALEDA,1
48,GDGFKANLVFKEIEKKLEEEG,1
49,KLEEEGEQFVKKIGGIFAFKV,1
50,AFKVKDGPGGKEATWVVDVKN,1
51,MNPQSAFFQGKLKIAGNMGLA,1
52,RMELKADQLYKQKIIRGFCHL,1
53,RSKSDPIMLLKDRMVNSNLAS,1
54,EFNLLYDRGTKFGLFTPGSRI,1
55,VGPRDGLQNEKSIVPTPVKIR,1
56,FGAVSELFTRKNANCSIEESF,1
57,GRRYDDPEVQKDTKNVPFKIV,1
58,FDQALLRHIVKEFKRETGVDL,1
59,QFEGIVTDLIKRTIAPCQKAM,1
60,HDTETKMEEFKDQLPADECNK,1
61,TISLEKLENDKSIRGVILTSE,1
62,EVVPEDQVHSKARSVMTKWLA,1
63,SRQLTKNMMRKATADNLIKQR,1
64,DIQNFTSFISKDSIQKSLHMY,1
65,KSGEYPFPLIKRAWELGLINA,1
66,VAAIKTKAEKKGDEYVINGQK,1
67,FLLARSNPDPKVPASKAFTGF,1
68,GIAFEDVRVPKENVLIGEGAG,1
69,KNRDGETLTTKGKIGDSLLDV,1
70,EVICQVAEGNKEDVDKAVKAA,1
71,QGPQVDETQFKKILGYIKSGQ,1
72,YIKSGQQEGAKLLCGGGAAAD,1
73,FGPVMQILKFKTIEEVVGRAN,1
74,AKDEGANAFFKGAWSNVLRGM,1
75,EKAWRKQSRKKVMEAFEQAER,1
76,RFFEEVNDPAKNDALEKVEDD,1
77,PIKDAATGAVKEKITAFVVER,1
78,FGGVTHGLPEKKMGIKASNTS,1
79,VALQGCMDKGKELTGLGNALK,1
80,VVEAKLVKHKKGIVNEQFLLQ,1
81,EARLETPSAKKLTDVGIRRIF,1
82,EVIPHHTEWEKAGEVSREVWE,1
83,KGRKLHKMGMKAQDTAELFFE,1
84,NYVKQRKAFGKTVAHIQTVQH,1
85,DLGGDFKGIGKGSSAADKVVA,1
86,VVAEIRRKGGKAVANYDSVEA,1
87,ANYDSVEAGEKLVKTALDTFG,1
88,KLLLQVQHASKQITADKQYKG,1
89,ARTRLAADVGKAGAEREFKGL,1
90,YEQVLENLQSKRFQLVDSRAQ,1
91,MDFLTKDGFEKSPEELRAIFQ,1
92,SIIRKVISTTKAPAAIGPYSQ,1
93,GVVEEAKQALKNLGEILKAAG,1
94,DTMKRYLSAQKPLLNDSQFRK,1
95,PSRDELFTDTKARHLLVLRKG,1
96,KLSFKLSSALKAGVTAAKEKF,1
97,ECSKYHGQLTKEAAMGQGFDR,1
98,DLIRFAQTLEKVCVQTVESGA,1
99,LEKFNNVEAGKYTVGLGQTRM,1
100,TVVQRLMERTKLPWDAVGRLE,1
101,FHTPFCKMVQKSLARLMFNDF,1
102,FNDFLSSSSDKQNNLYKGLEA,1
103,GLKLEETYTNKDVDKALLKAS,1
104,KLVSSVSDLPKRLDSRRRMSP,1
105,SYIRFSQICAKAVRDALKTEF,1
106,LKTEFKANAEKTSGSSIKIVK,1
107,DGTEGLVRGQKVLDSGAPIKI,1
108,KVVDLLAPYAKGGKIGLFGGA,1
109,TMGCLATTHSKAIHKIDIPSF,1
110,DIGNIISDAMKKVGRKGVITV,1
111,QDAYVLLSEKKISSVQSIVPA,1
112,LKVGLQVVAVKAPGFGDNRKN,1
113,IVTKDDAMLLKGKGDKAHIEK,1
114,EDMKVLDDLNKNIRYISGSSF,1
115,KGEMDTFPTFKFDDPKFEVID,1
116,RVEFDTFGELKVPTDKYYGAQ,1
117,AQTVRSTMNFKIGGATERMPI,1
118,EVNQEYGLDPKIASAIMKAAD,1
119,EMLGGELGSKKPVHPNDHVNK,1
120,GLNTRIGFAEKVAAKVAALTG,1
121,CVSKDLPFAQKRFCGAEGTEN,1
122,YVKGANDAVAKLEEARAKEDH,1
123,QQGALQFIPAKRVGTPAEVAG,1
124,RREYAEVQPLKGARISGSLHM,1
125,NRVAFRRAMRKAIQSAMRQPN,1
126,KLRVEIADIDKRGKISLILVA,1
127,TKIVGLRARAKAAFAEREGVN,1
128,QDRKVLCRFAKHPADTQTVLV,1
129,WGRPVPGWGSKRPRLLILGLA,1
130,SDWSIEIDGKKYTAPEISARI,1
131,LPVGADEDDIKATYDKGILTV,1
132,FFGRAALLAEKAAGPRRLLRG,1
133,KSQWPGKLVVKGIQTLDDARA,1
134,DAPVVRVSALKALEGDAKWVA,1
135,TTVTGVEMFRKLLDQGQAGDN,1
136,KSLERAVSAGKVTERERDRAL,1
137,KVEFEIGHSPKGPQATGVRSL,1
138,GLVIPDTAKEKPQEGTVVAVG,1
139,ADAVKVTLGPKGRNVVLEKKW,1
140,VAAGANPLGLKRGIEKAVEKV,1
141,AVEKVTETLLKGAKEVETKEQ,1
142,LLVSSKVSTVKDLLPLLEKVI,1
143,ENSDSDYDREKLQERLAKLAG,1
144,SGLEPGVVAEKVRNLPAGHGL,1
145,LVVNAIRKTLKAVAVKGPYFG,1
146,AVATAEAIARKPVEGSLGTPP,1
147,VDALGNAIDGKGPIGSKTRRR,1
148,QKRFNDGTDEKKKLYCIYVAI,1
149,QKRSTVAQLVKRLTDADAMKY,1
150,IYAGVRGYLDKLEPSKITKFE,1
151,SLLGNIRSDGKISEQSDAKLK,1
152,NRNAFGAPLTKLQNIQFKLAD,1
153,RLLTWRAAMLKDNKKPFTKES,1
154,HCQEQNVRVPKSPIIFSKFSS,1
155,KDTIADPHNLKICCRVNGEVV,1
156,KGVFCAGADLKEREQMSDVEV,1
157,LAYSRVLAIHKQHLSPVDTAY,1
158,LSPVDTAYFRKPLLLHQGHME,1
159,CSCAPDCCQAKERYIEQFKDT,1
160,AQYVRLGGSEKARARHTSRGK,1
161,QLKKEIQEHVKKTTAPYKYPR,1
162,DYALPNPSWTKDLRLLFDQFM,1
163,FMKKCEDGSWKRMPSHRQNPT,1
164,SKFKKEEQMSKAQQFTRSFEE,1
165,NSQLQKIEGRKLFVSCTIQSI,1
166,MLQMLESSLRKYLPESLKVYG,1
167,HMNQGNPFKLKALVDKWPDFN,1
168,PVYNHTEQTNKVIQKMSHTLH,1
169,GRASMVDVGGKPETERVAVAS,1
170,HKNQGYYDYVKPRLRTTIDRA,1
171,DPAAAPATGNKKTHLTELQRF,1
172,LRKAGLLEKLKETEYDVRDHG,1
173,QTEDILAKSKKGIEESLKRMA,1
174,EESLKRMAKKKFTENPKAGDE,1
175,VPMMKLVEVIKTPMTSQKTFE,1
176,KTLGKHPVSCKDTPGFIVNRL,1
177,VRLHERGDASKEDIDTAMKLG,1
178,PETGKRLQTVKLPVDKTTSCC,1
179,VTKGGIMLPEKSQGKVLQATV,1
180,ATVVAVGSGGKGKSGEIEPVS,1
181,IEPVSVKVGDKVLLPEYGGTK,1
182,LVKALSCLYGKIYQRQIDPNE,1
183,DMMYGGMRGMKGLVYETSVLD,1
184,DAGVKELDSLKSDRLRTIQLN,1
185,TKILAEGGGAKFKKYEEIDNA,1
186,ISELPKTVSGKILRSKLRNQE,1
187,DKAFAAGADIKEMQNRTFQDC,1
188,TGDRISAQDAKQAGLVSKIFP,1
189,DFATKITDSYKQYDFGKVVRL,1
190,LPSQVIDHGRKPTQQEAYQVH,1
191,AQEALAPFRGKELQPGSHVQS,1
192,LKARRLQFWTKTLPQKIQELK,1
193,AVIRINSPNSKVNTLNKEVQS,1
194,CQYRIATKDRKTVLGVPEVLL,1
195,GRNIRADRAKKMGLVDQLVEP,1
196,VYKTVEEKVKKQTKGLYPAPL,1
197,SQKFGELALTKESKALMGLYN,1
198,MRILQEGVDPKKLDALTTGFG,1
199,KGFYIYQEGSKNKSLNSEMDN,1
200,NILANLRLPAKPEVSSDEDVQ,1
201,FRFVDLYGAQKVVDRLRKYES,1
202,KDKATLQAMDKRLCSWKGEPQ,1
203,IYGDIIYTSAKDKRGLVLKQP,1
204,NVIPCSRNKAKEVGEVLCTDP,1
205,INEKAVEKVEKQVNDAVAKGA,1
206,LLRGVFIVAAKRTPFGAYGGL,1
207,YCVRNVRFGTKFGLDLKLEDT,1
208,MGMTAENLAAKYNISREDCDR,1
209,RYALQSQQRWKAANEAGYFNE,1
210,FNEEMAPIEVKTKKGKQTMQV,1
211,EQLQKLPSVFKKDGTVTAGNA,1
212,VIIASEDAVKKHNFTPLARVV,1
213,PGIRLLSVKAKTAHIVLEDGT,1
214,TTARDELGLNKYMESDGIKVA,1
215,KQNLIAEVSTKDVKVFGKGNP,1
216,NVKKILESDRKEPLFGISTGN,1
217,NIITGLAAGAKSYKMSMANRG,1
218,DSFFSLIKKGKGTTITSVLPK,1
219,GVELFKRGVLKEYGVKVLGTS,1
220,ATEDRQLFSDKLNEINEKIAP,1
221,GGLGSGICPNKETLIDLGTKA,1
222,GTSSRIGSSMKSVGEVMAIGR,1
223,DGFTPRLPMNKEWPANLDLKK,1
224,DEIVRLTSIDKWFLYKMRDIL,1
225,YKMRDILNMDKTLKGLNSDSV,1
226,RKAKEIGFSDKQISKCLGLTE,1
227,EAQTRELRLKKNIHPWVKQID,1
228,VSQEHPVVLTKFVEGAREVEM,1
229,AREVEMDAVGKEGRVISHAIS,1
230,KVMIGESIDEKRLPTLEQPII,1
231,FLKAMLSTGFKIPQKGILIGI,1
232,VTKLFAEAVQKSRTVDSKSLF,1
233,FRPSRVVVVAKTTRYEFEQQR,1
234,SVDDGPWEKQKSSGLNLCTGT,1
235,SSSRQRCFSSKVCVRSRCWDA,1
236,YEIKIESEEFKEKRTVQQHQM,1
237,KNVAMGYVPFKYSRPGTQLLV,1
238,QGSPERDALQKALKDLKGQME,1
239,SPFNHAHKVAKFCYADKALLN,1
240,RAIDAALAARKEWDLKPMADR,1
241,PMADRAQVFLKAADMLSGPRR,1
242,CSACSRLYVPKSLWPQIKGRL,1
243,NAAGNFYINDKSTGSVVGQQP,1
244,YQRAFGGQSLKFGKGGQAHRC,1
245,RFMERYAPVAKDLASRDVVSR,1
246,SIAESCRPGDKVPSIKANAGE,1
247,AGEESVMNLDKLRFADGSIRT,1
248,EKISQLYGDLKHLKTFDRGMV,1
249,KVRVDEYDYSKPIQGQQKKPF,1
250,TLSYVDIKTGKVTLEYRPVID,1
251,PRCKLCVFMGKTDPQAPRHQQ,1
252,HQLTVAKMELKNQSRMQEPAV,1
253,GSKTNFNSLAKAMVQRTGRRV,1
254,LADKQLSSVVKEAGIRQFLLT,1
255,PTIYYPKRPNKPLFTGLVTQC,1
256,ALIHCLRAKSKQEILAINQVF,1
257,ITRETLPAVLKNTAARMMLPP,1
258,FLIIIKGAGGKAFCAGGDIKA,1
259,GIATHFVDSEKLRVLEEELLA,1
260,DGSPFAIEQMKVINKMSPTSL,1
261,HEGVRAVLIDKDQTPKWKPAN,1
262,GTAAIQGAIEKAGIPKEEVKE,1
263,SRGATPYGGVKLEDLIVKDGL,1
264,VKDGLTDVYNKIHMGNCAENT,1
265,DEEYKRVDFSKVPKLKTVFQK,1
266,TAEAAQRLNVKPLARIAAFAD,1
267,APAYAVPKVLKYAGLKKEDIA,1
268,MTARDVQEECKKKGLPWTLAK,1
269,KLAESGSCLGKKVAGALQTIE,1
270,FPRDFFERDAKDAVDLMKALQ,1
271,DVSKWSEKARKPLEALYGYDY,1
272,QKYTHPQHIRKLLGQQVVSPV,1
273,AVLYVPGNDEKKIRKIPSLKV,1
274,LDCEDGVAENKKNEARLRIAK,1
275,AAFKEHQQLGKGAFTFRGSMI,1
276,CKGIVFPKQFKTQQYYDILKQ,1
277,ILKQVCPELEKAQPGALKSER,1
278,LLSSPSFNGKKALEAISREKG,1
279,IIFMPGTTQLKAKDILYRIQI,1
280,PGVYRMVLQQKTSNLRFPTLE,1
281,SLLPEEYEQWKQRTGLSIHEV,1
282,AESAVVSSPDKDRGEVVKAFI,1
283,SVTAPYKYPRKVEFVSELPKT,1
284,THSDQFLVSFKDVGRKPPTFG,1
285,EFILDTRPFKKSANVEAVDVA,1
286,NILYVSSETIKKLFPSLLDTK,1
287,DTKNLSTGSGKPKAIDQDKFK,1
288,LCRLSDRVDKKLLDAAGANLR,1
289,IESKLLAKRAKVNTIPGFDGV,1
290,REVIINTRFVKGDISTKFLSD,1
291,KVDLSTSTDWKEAKSFLKGLS,1
292,VLLPDKAAEEKMNQQGADTPK,1
293,KGFLSSGEWVKSEKLTQALQG,1
294,IPFLLSGTSYKDLMPHDLARA,1
295,NMRKMMLDLNKAKTLGQRLSL,1
296,SDIVPFKVPGKDTVTKDNGIR,1
297,SEDRALAMGYKPKAYLRDFIY,1
298,KQEIRLIDYEKMVDHRGSRIV,1
299,VLSRHHHLVRKTDGVYDPVEY,1
300,NINPVSLTVGKQEAKLQSLVE,1
301,SEYIRYDLLEKNINIVRKRLN,1
302,HLIEAQVGGEKDLRRAKDINQ,1
303,FLTGKDGKKFKLEAPDADELP,1
304,PGQDTYQHPPKDSSGQRVDVS,1
305,VVKKIESFGSKSGKTSKKIVI,1
306,DVFPDVCKEFKEAGEQVASSP,1
307,VASSPAEVAEKADRIITMLPS,1
308,GANGILKKVKKGSLLIDSSTI,1
309,NLGIRSGLDPKLLAKILNMSS,1
310,DREKLITTALKRHQGIDILVS,1
311,TKNFAAELAPKNIRVNCLAPG,1
312,RVNCLAPGLIKTRFSSVLWEE,1
313,LATEARPTTEKSVPYQRTLKE,1
314,SGGPVSLDFVKNGEYALERMG,1
315,SCLVAGTKCDKVVQDLCKVAG,1
316,QDLCKVAGVAKVLVAQHDAYK,1
317,IYAGNALCTVKCDEKVKVFSV,1
318,IQHLAGMKDSKTIVAINKDPE,1
319,DTENLRQRSQKLVEEAKLYGI,1
320,ADFGMAADKNKFPGDSVVTGR,1
321,VVTGGGTGIGKAVSRELLHLG,1
322,VSNLVKSTLAKYGKINFLVNN,1
323,GLVLGIYAKDKDDDLPQFTSA,1
324,EMLNISGPPLKAGKTRTFYGL,1
325,LKATAEEISSKTGNKVHAIRC,1
326,RFNIIQPGPIKTKGAFSRLDP,1
327,SRLDPTGRFEKEMIDRIPCGR,1
328,EFRTYFLKPSKTNEFLENFKN,1
329,HRTAVRKALAKDKEWQERFLI,1
330,GGPALWGNAFKRAVNAHVELG,1
331,SMTQNLREVMKVMFKVPGFDR,1
332,KVPGFDRVLEKVTLVSAAPEK,1
333,AAPEKLICEMKVEEQHTNKLG,1
334,DCGGLTKRDVKLAQFIEKAAA,1
335,NNKYSEGYPGKRYYGGAEVVD,1
336,YRKGVRTVDPKTGKEIPYTFE,1
337,NAQAMADALLKRGYSLVSGGT,1
338,KLQDFKSFLLKDPETSQRLAN,1
339,LKDVLSNLIPKEQARIKTFKQ,1
340,WLTQLQKEVGKDVSDEKLRDY,1
341,RALGFPLERPKSMSTDGLMKF,1
342,LMDKVELLLPKKLRPLYNHPA,1
343,AKKIAQAQGLKDGYRLVVNDG,1
344,IAPVLAAKVIKGVEVTVGHEQ,1
345,TVGHEQEEGGKWPYAGTAEAI,1
346,TAEAIKALGAKHCVKGVTEAH,1
347,KGVTEAHVDQKNKVVTTPAFM,1
348,KKIRSLSDEAKIGAHGKPVIF,1
349,KNKMGLKGPLKTPIAAGHPSM,1
350,AGGHTRNPTYKEVCSEKTGHA,1
351,SKEEYQKVLSKHNFGPITTDI,1
352,VMCRTGGSGAKGISCIVVEKG,1
353,DIIKSTHDYWKALVTKKTDGK,1
354,VQGINLVQAKKLVESLPQEIK,1
355,ALYSAASKEKKLDQVEKELLR,1
356,KELLRVGQLLKDPKVSLAVLN,1
357,NPYIKRTVKVKSLNDITKREK,1
358,AVLSELKTVLKSFLSPNQILK,1
359,IGEKYVDMSAKSKIQKLSKAM,1
360,GFSGYNTRWAKIILPRLIRKG,1
361,MRGGLGLAGAKAKYRGGEIRE,1
362,SLKDYEETIGKAKKAWNIWAD,1
363,MFVRAVEEAKKQGGTVVYGGK,1
364,VKVPETNILGKIGHGYKYAIG,1
365,QVEKAWNLLQKRLPKAYQTRN,1
366,AIKFAQTVIGKPIEPRRILNK,1
367,IPVVAVESDPKQLDTAKKIIT,1
368,AKKIITSTLEKEASKSGQASA,1
369,AGLDVGWKVRKGQGLTGPSLP,1
370,KTGKGWYQYDKPLGRIHKPDP,1
371,RLVAQGSPPLKEWQSLAGPHS,1
372,TYFHPGINLKKIHYDSIKLYE,1
373,ATTPVRVDEFKYQMTRTNWHA,1
374,LKYPAPVTSLKPRPDGTWDVE,1
375,RPTQRVSGLYKTLKSKCSMGF,1
376,EGNESIWYKGKVVGNTTSGSY,1
377,MVPRKGQYIFKEIPLLKQFFQ,1
378,IPKDFFGETVKKGSINAMRFL,1
379,FLEKISTQQVKNKLIENTDAA,1
380,PMPALLQLKEKEAGVVAQARS,1
381,TEEELRMPETKTIFKDLPLPR,1
382,PRLALNCVGGKSSTELLRHLA,1
383,LRGFWLSQWKKNHSPDEFKEL,1
384,GPLQVARVLAKLAEKEKVDLL,1
385,DDFEKKYNALKIPVPEDKYTA,1
386,NTYLVYSKDPKHCQEFLGSSE,1
387,IESLGATNLGKVKHKQCFLYM,1
388,GELRMGGTLPKYRRQSLIYHV,1
389,NNEKSDAPKAKVEQDSEARCR,1
390,RCRSAKPGKKKNDFEQGELYL,1
391,VPTVKLFIDGKFVESKSDKWI,1
392,AEMDAAVESCKRAFPAWADTS,1
393,RYQQLIKENLKEIARLITLEQ,1
394,STAILVGEAKKWLPELVDRAK,1
395,DLGPLITPQAKERVCNLIDSG,1
396,AQEIDQTNDFKNLREFWKQLG,1
397,AFERGDNPFPKNADGTVRYDS,1
398,VEPVDASGTEKAFEPATGRVI,1
399,CCNGTRVFVQKEIADKFINEV,1
400,CAKEAAQLGKKVAVADYVEPS,1
401,TMAEAVQNHVKSLNWGHRVQL,1
402,FLKGCVPSHIKKLPTNQLQVT,1
403,VPETRTLNLEKAGISTNPKNQ,1
404,LSKNLLKMLSKAVDALKSDKK,1
405,CDIRVAASSAKMGLVETKLAI,1
406,KDRLEGLLAFKEKRPPRYKGE,1
407,EKMKSNEAISKELASQKSLPM,1
408,ILSTGCAPPGKNIYYKSDLTK,1
409,LSESVTWIIKKQPVEVDRDQL,1
410,TRSQRYEVAVKKSATMVKKMR,1
411,HYVTVKVFADKLPKIQDRAVQ,1
412,GYLGPDESKWKAYDATCLVKA,1
413,AMVASGSELGKKLKATMDAGK,1
414,AVIMGAPGSGKGTVSSRITKH,1
415,SSRITKHFELKHLSSGDLLRQ,1
416,GEPLIQREDDKPETVIKRLKA,1
417,QTEPVLQYYQKKGVLETFSGT,1
418,VKGILRGDDAKEAVKHGVDGI,1
419,RKHIYIDKNTKIICQGFTGKQ,1
420,LLKKDPGNEVKLRLYALYKQA,1
421,TKITFNRPTKKNAISFQMYRD,1
422,PIRTTADILSKAPKTLISLAP,1
423,STIRFEDDLIKRALQYSPSYG,1
424,WIKVKGISDTKQLIEEKAIER,1
425,ETVDSVKLADKVNSSWQKKGP,1
426,PVIGDSSVDPKNVKTLIFCSG,1
427,CSGKHFYALLKQRESLGTKKH,1
428,IHSCFAMTDRKVASSDASNIE,1
429,FSAGRRVCVGKSLARTELFLL,1
430,CHTVEKGGKHKTGPNLWGLFG,0
431,APGFSYTDANKNKGVIWSEET,0
432,ETLMEYLENPKKYIPGTKMIF,0
433,GTKMIFAGIKKKSEREDLIKY,0
434,MSTAGKVIKCKAAVLWELHKP,0
435,TIEDIEVAPPKAHEVRIKMVA,0
436,ESVGEGVTCVKPGDKVIPLFS,0
437,SPQCGECRICKHPESNFCSRS,0
438,LREGTSRFSCKGKQIHNFIST,0
439,YTVVDDIAVAKIDGASPLDKV,0
440,GFSTGYGSAVKVAKVTPGSTC,0
441,GVGLSVIIGCKAAGAARIIAV,0
442,AARIIAVDINKDKFAKAKELG,0
443,TECINPQDYSKPIQEVLQEMT,0
444,PMLLLLGRTWKGAIFGGFKSK,0
445,GGFKSKDSVPKLVADFMAKKF,0
446,PLITHVLPFEKINEAFDLLRS,0
447,DKSNIKAAWGKIGGHGAEYGA,0
448,ERMFASFPTTKTYFPHFDVSH,0
449,FDVSHGSAQVKGHGKKVADAL,0
450,LSALSDLHAHKLRVDPVNFKL,0
451,FTPAVHASLDKFLASVSTVLT,0
452,VPQAPPVLVFKLTADFRDDPD,0
453,ADFRDDPDPRKVNLGVGAYRT,0
454,SQPWVLPVVRKVEQKIANDNS,0
455,LGRWYNGTDNKNTPIYVSSPT,0
456,HNAVFSAAGFKDIRPYCYWDA,0
457,TGTDPTPEQWKQIAAVMQRRF,0
458,YQGFASGDLEKDAWAIRYFVS,0
459,FELFCAQSFSKNFGLYNERVG,0
460,ERVGNLTVVGKESDSVLRVLS,0
461,AATLSDPELFKEWKGNVKTMA,0
462,SELRARLEALKTPGTWSHITE,0
463,PKQVEYLVNEKHIYLLPSGRI,0
464,GRINMCGLTTKNLDYVATSIH,0
465,DPILGVTEAFKRDTNSKKMNL,0
466,EAQIAAKNLDKEYLPIGGLAE,0
467,LPIGGLAEFCKASAELALGEN,0
468,VGASFLQRFFKFSRDVFLPKP,0
469,QLQGYRYYDPKTCGFDFSGAL,0
470,DFSGALEDISKIPEQSVLLLH,0
471,QWKEIASVVKKKNLFAFFDMA,0
472,DLRKQWLQEVKGMADRIISMR,0
473,MRTQLVSNLKKEGSSHNWQHI,0
474,QIGMFCFTGLKPEQVERLTKE,0
475,PVQGTIHFEQKASGEPVVLSG,0
476,SAGPHFNPHSKKHGGPADEER,0
477,VGDLGNVTAGKDGVANVSIED,0
478,IIGRTMVVHEKQDDLGKGGNE,0
479,SFSTSAQNNAKVAVLGASGGI,0
480,GIGQPLSLLLKNSPLVSRLTL,0
481,LGPEQLPDCLKGCDVVVIPAG,0
482,VVVIPAGVPRKPGMTRDDLFN,0
483,STIPITAEVFKKHGVYNPNKI,0
484,NVPVIGGHAGKTIIPLISQCT,0
485,VFSLVDAMNGKEGVVECSFVQ,0
486,EAIPELKASIKKGEDFVKNMK,0
487,PVAGAAGSRHKHSLPDLPYDY,0
488,NAQIMQLHHSKHHAAYVNNLN,0
489,YVNNLNATEEKYHEALAKGDV,0
490,TTQVALQPALKFNGGGHINHT,0
491,HTIFWTNLSPKGGGEPKGELL,0
492,KRDFGSFEKFKEKLTAVSVGV,0
493,GSGWGWLGFNKEQGRLQIAAC,0
494,VWEHAYYLQYKNVRPDYLKAI,0
495,LAAAGVEFEEKFIQSPEDLEK,0
496,QSPEDLEKLKKDGNLMFDQVP,0
497,QVPMVEIDGMKLVQTRAILNY,0
498,TRAILNYIATKYDLYGKDMKE,0
499,VLCPPDQREAKTALAKDRTKN,0
500,TKNRYLPAFEKVLKSHGQDYL,0
501,LTPFPLLKAFKSRISSLPNVK,0
502,KKFLHPGSQRKPPLDAKQIEE,0
503,LEYTDSSYDEKRYTMGDAPDF,0
504,DFDRSQWLNEKFKLGLDFPNL,0
505,IMLCYNPDFEKQKPEFLKTIP,0
506,EFLKTIPEKMKLYSEFLGKRP,0
507,LGKRPWFAGDKVTYVDFLAYD,0
508,ILDQYRMFEPKCLDAFPNLRD,0
509,RDFLARFEGLKKISAYMKSSR,0
510,PEPAKSAPAPKKGSKKAVTKA,0
511,SKKAVTKAQKKDGKKRKRSRK,0
512,RKESYSVYVYKVLKQVHPDTG,0
513,QVHPDTGISSKAMGIMNSFVN,0
514,SEASRLAHYNKRSTITSREIQ,0
515,VRLLLPGELAKHAVSEGTKAV,0
516,EPVSLGSLRGKVLLIENVASL,0
517,CNQFGHQENGKNEEILNSLKY,0
518,GFEPNFTLFEKCEVNGEKAHP,0
519,DDPTALMTDPKYIIWSPVCRN,0
520,CRNDIAWNFEKFLVGPDGVPV,0
521,MSIRVTQKSYKMSTSGPRAFS,0
522,PNIQAVRTQEKEQIKSLNNKF,0
523,LNNKFASFIDKVRFLEQQNKM,0
524,LEQQNKMLETKWSLLQQQKTS,0
525,RRQLEALGQEKLKLEAELGNM,0
526,GNMQGLVEDFKNKYEDEINKR,0
527,TEMENEFVLIKKDVDEAYMNK,0
528,RAEAETMYQIKYEELQTLAGK,0
529,GKHGDDLRRTKTEISEMNRNI,0
530,NRLQAEIEALKGQRASLEAAI,0
531,GEMAIKDAQTKLAELEAALQR,0
532,LREYQELMNVKLALDIEITTY,0
533,SGMQNMSIHTKTTSGYSGGLS,0
534,GGSNTFSRTTKAVVVKKIETR,0
535,VVKKIETRDGKLVSESSDVVS,0
536,RILLNNAALRKGHTSVVRHFW,0
537,TSVVRHFWCGKPVQSQVQLKG,0
538,QLKGRDLLTLKNFTGEEIQYM,0
539,WLSADLKFRIKQKGEYLPLLQ,0
540,YKQSDLDTLAKEASIPIVNGL,0
541,LTLQEHYGSLKGLTLSWIGDG,0
542,ILHSIMMSAAKFGMHLQAATP,0
543,AEQYAKENGTKLSMTNDPLEA,0
544,WISMGQEDEKKKRLQAFQGYQ,0
545,SLVFPEAENRKWTIMAVMVSL,0
546,QSQENFEPFMKAIGLPEDLIQ,0
547,GLPEDLIQKGKDIKGVSEIVH,0
548,GVSEIVHEGKKIKLTITYGPK,0
549,ECELETMTGEKVKAVVKLEGD,0
550,EGDNKMVTTFKGIKSVTELNG,0
551,YSIGNGSVFGKDQPIILVLLD,0
552,PLLQDVIATDKEEIAFKDLDV,0
553,SMPRREGMERKDLLKANVKIF,0
554,IFKSQGTALEKYAKKSVKVIV,0
555,PANTNCLTASKSAPSIPKENF,0
556,CLTRLDHNRAKSQIALKLGVT,0
557,VNHAKVKLQGKEVGVYEALKD,0
558,YEALKDDSWLKGEFITTVQQR,0
559,TVQQRGAAVIKARKLSSAMSA,0
560,LYSFPVVIKNKTWKFVEGLPI,0
561,GLPINDFSREKMDLTAKELTE,0
562,LDTSCILVWLKEQGYDVIAYL,0
563,VIAYLANIGQKEDFEEARKKA,0
564,ARKKALKLGAKKVFIEDVSKE,0
565,LTCYSLAPQIKVIAPWRMPEF,0
566,WRMPEFYNRFKGRNDLMEYAK,0
567,QHGIPIPVTPKSPWSMDENLM,0
568,SYEAGILENPKNQAPPGLYTK,0
569,GLYTKTQDPAKAPNSPDVLEI,0
570,NSPDVLEIEFKKGVPVKVTNI,0
571,LFMYLNEVAGKHGVGRIDIVE,0
572,DIVENRFIGMKSRGIYETPAG,0
573,EAFTMDREVRKIKQGLGLKFA,0
574,ECEFVRHCIQKSQERVEGKVQ,0
575,VEGKVQVSVFKGQVYILGRES,0
576,GFININSLRLKEYHRLQSKVT,0
577,PTVEVDLYTAKGLFRAAVPSG,0
578,YEALELRDNDKTRFMGKGVSQ,0
579,GVSQAVEHINKTIAPALVSKK,0
580,SKKVNVVEQEKIDKLMIEMDG,0
581,LMIEMDGTENKSKFGANAILG,0
582,AILGVSLAVCKAGAVEKGVPL,0
583,VINGGSHAGNKLAMQEFMILP,0
584,RIGAEVYHNLKNVIKEKYGKD,0
585,LENKEALELLKTAIAKAGYTD,0
586,VAASEFYRSGKYDLDFKSPDD,0
587,ITPDQLADLYKSFVQNYPVVS,0
588,FDQDDWGAWQKFTASAGIQVV,0
589,VGDDLTVTNPKRIAKAASEKS,0
590,SEKSCNCLLLKVNQIGSVTES,0
591,GSVTESLQACKLAQSNGWGVM,0
592,LVVGLCTGQIKTGAPCRSERL,0
593,RIEEELGSKAKFAGRSFRNPL,0
594,DSRDPASDQMKQWKEQRASQR,0
595,TTGGGNPIGDKLNIMTAGSRG,0
596,ERIPERVVHAKGAGAFGYFEV,0
597,EVTHDITRYSKAKVFEHIGKR,0
598,TVRDPRGFAVKFYTEDGNWDL,0
599,ILFPSFIHSQKRNPQTHLKDP,0
600,HMNGYGSHTFKLVNADGEAVY,0
601,GEAVYCKFHYKTDQGIKNLPV,0
602,WTFYIQVMTFKEAETFPFNPF,0
603,TFPFNPFDLTKVWPHKDYPLI,0
604,HKDYPLIPVGKLVLNKNPVNY,0
605,MPPGIEPSPDKMLQGRLFAYP,0
606,YTKVLNEEERKRLCENIAGHL,0
607,LKDAQLFIQKKAVKNFTDVHP,0
608,QALLDKYNAEKPKNAIHTYTQ,0
609,VRTGYGKDMVKVLHIQRDGKY,0
610,IQRDGKYHSIKEVATSVQLTL,0
611,ATSVQLTLRSKKDYLHGDNSD,0
612,TIKNTVHVLAKLRGIRNIETF,0
613,AHVYVEEVPWKRFEKNGIKHV,0
614,NGPPVIHSGIKDLKVLKTTQS,0
615,TTQSGFEGFLKDQFTTLPEVK,0
616,DRCFATQVYCKWRYQRRDVDF,0
617,DKGEYSPSVQKTLYDIQVLSL,0
618,NIHYFNIDMSKMGLINKEEVL,0
619,VLLPLDNPYGKITGTVKRKLP,0
620,DLKTRESEEQKRNRVRGILRI,0
621,AQHSQHRTPCKGGIRYSTDVS,0
622,YSTDVSVDEVKALASLMTYKC,0
623,AVVDVPFGGAKAGVKINPKNY,0
624,PKNYTDNELEKITRRFTMELA,0
625,DINAHACVTGKPISQGGIHGR,0
626,ILGMTPGFGDKTFVVQGFGNV,0
627,SMRYLHRFGAKCVGVGESDGS,0
628,SIWNPDGIDPKELEDFKLQHG,0
629,HGSILGFPKAKVYEGSILEAD,0
630,CDILIPAASEKQLTKSNAPRV,0
631,ANGPTTPEADKIFLERNIMVI,0
632,GVTVSYFEWLKNLNHVSYGRL,0
633,NHVSYGRLTFKYERDSNYHLL,0
634,LMSVQESLERKFGKHGGTIPV,0
635,AYVNAIEKVFKVYNEAGVTFT,0
636,LYYPHMPPEEKEASLAKIKEQ,0
637,RVFVVGVGMTKFMKPGGENSR,0
638,YPDMAKEAGQKALEDAQIPYS,0
639,ANCVLALGFEKMERGSIGTKF,0
640,TDKHIEVLIDKYGLSAHPITP,0
641,ITPQMFGYAGKEHMEKYGTKV,0
642,KYGTKVEHFAKIGWKNHKHSV,0
643,EFVQQYGLQSKAVEIVAQEMM,0
644,MTDLPSTFEEKSIIKVVGYDM,0
645,SKEAARRCYEKSGLTPNDVDV,0
646,VDRGDNTYGGKWVINPSGGLI,0
647,LCWQLRGEAGKRQVPGAKVAL,0
648,APTSSAGDGFKANLVFKEIEK,0
649,VKKIGGIFAFKVKDGPGGKEA,0
650,ATWVVDVKNGKGSVLPNSDKK,0
651,DSDLLALMTGKMNPQSAFFQG,0
652,KIAGNMGLAMKLQNLQLQPGK,0
653,VSRVLAGSAQKPASRVLVASR,0
654,NFANDATFEIKKCDLHRLEEG,0
655,TTVLTREDGLKYYRMMQTVRR,0
656,MMQTVRRMELKADQLYKQKII,0
657,ELTGRRGGCAKGKGGSMHMYA,0
658,PLGAGIALACKYNGKDEVCLT,0
659,FEAYNMAALWKLPCIFICENN,0
660,ERAAASTDYYKRGDFIPGLRV,0
661,KFAAAYCRSGKGPILMELQTY,0
662,TREEIQEVRSKSDPIMLLKDR,0
663,NSNLASVEELKEIDVEVRKEI,0
664,GHVQRAEMVPKSSGARSPSPG,0
665,RELRRRPEDMKTKMELMIMET,0
666,ADFTVDRWERKEGGGGITCVL,0
667,EAANQMRGRGKTLKTKDSKLP,0
668,AMGVSSVIHPKNPYAPTMHFN,0
669,EDAVHFHRTLKEACDQHGPDI,0
670,CDQHGPDIYPKFKKWCDDYFF,0
671,IFFDDLDSPSKEEAFRFVKTC,0
672,AVVPSYVPIVKKHCDDSYTPR,0
673,EYMHSPPENSKEAEILEVLRH,0
674,VSTSSMGTLPKQVKIVEVGPR,0
675,NEKSIVPTPVKIRLIDMLSEA,0
676,VIEATSFVSPKWVPQMADHSD,0
677,DHSDVLKGIQKFPGINYPVLT,0
678,INYPVLTPNMKGFEEAVAAGA,0
679,SCALGCPYEGKVSPAKVAEVA,0
680,TIGVGTPGLMKDMLTAVMHEV,0
681,VAGLGGCPYAKGASGNLATED,0
682,LGIHTGVNLQKLLEAGDFICQ,0
683,GDFICQALNRKTSSKVAQATC,0
684,SRRDYASEAIKGAVVGIDLGT,0
685,CVAVMEGKQAKVLENAEGART,0
686,DGERLVGMPAKRQAVTNPNNT,0
687,TNPNNTFYATKRLIGRRYDDP,0
688,VQKDTKNVPFKIVRASNGDAW,0
689,NGDAWVEAHGKLYSPSQIGAF,0
690,PSQIGAFVLMKMKETAENYLG,0
691,TAENYLGHTAKNAVITVPAYF,0
692,YFNDSQRQATKDAGQISGLNV,0
693,TAAALAYGLDKSEDKVIAVYD,0
694,LEIQKGVFEVKSTNGDTFLGG,0
695,ALQRVREAAEKAKCELSSSVQ,0
696,PYLTMDASGPKHLNMKLTRAQ,0
697,QKAMQDAEVSKSDIGEVILVG,0
698,ILVGGMTRMPKVQQTVQDLFG,0
699,GIETLGGVFTKLINRNTTIPT,0
700,AADGQTQVEIKVCQGEREMAG,0
701,QGEREMAGDNKLLGQFTLIGI,0
702,DANGIVHVSAKDKGTGREQQI,0
703,IVIQSSGGLSKDDIENMVKNA,0
704,AEKYAEEDRRKKERVEAVNMA,0
705,AEGIIHDTETKMEEFKDQLPA,0
706,KDQLPADECNKLKEEISKMRA,0
707,AASSLQQASLKLFEMAYKKMA,0
708,TEGPAGVAVMKLRNPPVNSLS,0
709,CLTEFTISLEKLENDKSIRGV,0
710,RNPAHYAEYWKNVQELWLRLY,0
711,CDYRVMADNPKYTIGLNESLL,0
712,LLGIVAPFWFKDMYVNTIGHR,0
713,GTLFSPAEALKVGVVDEVVPE,0
714,AIPDHSRQLTKNMMRKATADN,0
715,SHFECRTQHSKAAHKQEPGLG,0
716,GFSFELTEQQKEFQATARKFA,0
717,EIIPVAPEYDKSGEYPFPLIK,0
718,PVILAGNDQQKKKYLGRMTEQ,0
719,PSAGSDVAAIKTKAEKKGDEY,0
720,KGDEYVINGQKMWITNGGKAN,0
721,EADTPGIHIGKKELNMGQRCS,0
722,NVLIGEGAGFKIAMGAFDRTR,0
723,LAQRALDEATKYALDRKTFGK,0
724,YGFNTEYPVEKLMRDAKIYQI,0
725,SARARSSSEDKITVHFKNRDG,0
726,RDGETLTTKGKIGDSLLDVVI,0
727,HLIFEDHIYEKLDAITDEEND,0
728,SRLGCQVCLTKAMDNMTVRVP,0
729,NNEWHDAVSRKTFPTVNPSTG,0
730,VAEGNKEDVDKAVKAARAAFQ,0
731,SYLVDLDMVLKCLRYYAGWAD,0
732,YAGWADKYHGKTIPIDGDFFS,0
733,WNFPLLMQAWKLGPALATGNV,0
734,ALATGNVVVMKVAEQTPLTAL,0
735,LTALYVANLIKEAGFPPGVVN,0
736,AAIASHEGVDKVAFTGSTEVG,0
737,IQVAAGSSNLKRVTLELGGKS,0
738,EFVERSVARAKSRVVGNPFDS,0
739,GPQVDETQFKKILGYIKSGQQ,0
740,FIQPTVFGDVKDGMTIAKEEI,0
741,EIFGPVMQILKFKTIEEVVGR,0
742,EEVVGRANDSKYGLAAAVFTK,0
743,AAAVFTKDLDKANYLSQALQA,0
744,FGAQSPFGGYKMSGSGRELGE,0
745,EYGLQAYTEVKTVTVKVPQKN,0
746,LAGGIAAAVSKTAVAPIERVK,0
747,KLLLQVQHASKQISAEKQYKG,0
748,GIIDCVVRIPKEQGFLSFWRG,0
749,FPTQALNFAFKDKYKQIFLGG,0
750,QIFLGGVDRHKQFWRYFAGNL,0
751,ARTRLAADVGKGSSQREFNGL,0
752,EFNGLGDCLTKIFKSDGLKGL,0
753,AAYFGVYDTAKGMLPDPKNVH,0
754,RRRMMMQSGRKGADIMYTGTL,0
755,MYTGTLDCWRKIAKDEGANAF,0
756,QQQQFPSLDDKPQFPGASAEF,0
757,FPGASAEFVDKLEFIQPNVIS,0
758,DPHLPQEEVLKFYRSMTLLNT,0
759,QCYGNVNDPGKGRQMPVHYGC,0
760,PQAVGAAYAAKRANANRIVIC,0
761,NDVFAVYNATKEARRRAVAEN,0
762,RSVDEVNYWDKQDHPISRLRQ,0
763,NQGWWDEEQEKAWRKQSRKKV,0
764,VMEAFEQAERKLKPNPSLLFS,0
765,TLSSDASTREKPARAESKSFA,0
766,ESKSFAVGMFKGQLTIDQVFP,0
767,VLSEEQAQFLKELVGPVARFF,0
768,NDPAKNDALEKVEDDTLQGLK,0
769,TLGAHQSIGFKGILLYGTKAQ,0
770,LLYGTKAQREKYLPRVASGQA,0
771,RSSAIPSPCGKYYTLNGSKIW,0
772,GLADIFTVFAKTPIKDAATGA,0
773,KDAATGAVKEKITAFVVERSF,0
774,GGVTHGLPEKKMGIKASNTSE,0
775,NTSEVYFDGVKVPSENVLGEV,0
776,GMAATLAGTMKSLIAKAVDHA,0
777,HATNRTQFGDKIHNFGVIQEK,0
778,MLSANMDQGFKDFQIEAAISK,0
779,SKIFCSEAAWKVADECIQIMG,0
780,IQIMGGMGFMKEPGVERVLRD,0
781,LFVALQGCMDKGKELTGLGNA,0
782,NVGLLMGEAGKQLRRRTGIGS,0
783,LDQFATVVEAKLVKHKKGIVN,0
784,ELFRNFRSISKAMVENGGLVT,0
785,RLLLRSLRVLKARSAPRPPPS,0
786,AEARLETPSAKKLTDVGIRRI,0
787,EHDIFRESVRKFFQEEVIPHH,0
788,QGLLGINIAEKHGGIGGDLLS,0
789,VMPYIANYGTKEQIEKFIPQM,0
790,EKFIPQMTAGKCIGAIAMTEP,0
791,SGSDWILNGSKVFITNGWLSD,0
792,ISLFLVENGMKGFIKGRKLHK,0
793,PANALLGEENKGFYYLMQELP,0
794,TVAHIQTVQHKLAELKTHICV,0
795,VDSCLQLHETKRLDSGSASMA,0
796,WGYMWEYPIAKAYVDARVQPI,0
797,PIYGGTNEIMKELIARQIVSD,0
798,VIVNDLGGDFKGIGKGSSAAD,0
799,ADKVVAEIRRKGGKAVANYDS,0
800,QVTRAAWDHMKKQNYGRILMT,0
801,LCNTLAIEGRKNNIHCNTIAP,0
802,VLPEDLVEALKPEYVAPLVLW,0
803,LFEVGAGWIGKLRWERTLGAI,0
804,WERTLGAIVRKRNQPMTPEAV,0
805,TPEAVRDNWEKICDFSNASKP,0
806,STGGIVEVLHKVDSEGISPNR,0
807,TSGFVGAVGHKLPSFSSSYTE,0
808,MYALGVGASVKNPKDLKFVYE,0
809,LPTFGVIVAQKSMMNGGLAEV,0
810,LHGEQYLELYKPLPRSGELKC,0
811,IVMDVYSYSGKELICYNQFSV,0
812,FVVGSGGFGGKRTSEKLKAAV,0
813,QFADNDVSRFKAIKVRFAKPV,0
814,PGQTLQTEMWKEGNRIHFQTK,0
815,LVFGEIGRRLKSVGREVVKKA,0
816,ANAVFEWHITKGGTVAAKWTI,0
817,TVAAKWTIDLKSGSGEVYQGP,0
818,EVVFGKLDPQKAFFSGRLKAR,0
819,KARGNIMLSQKLQMILKDYAK,0
820,ARDEGSKAFFKGAWSNVLRGM,0
821,WYSPGTRQARKEYQERHVPGA,0
822,VLNGGFRNWLKEGHPVTSEPS,0
823,EPSRPEPAVFKATLNLSLLKT,0
824,VNMPFMDFLTKDGFEKSPEEL,0
825,LSQPLIATCRKGVTACHVALA,0
826,AAGCDFNNVVKTTVLLADMND,0
827,NDFGTVNEIYKTYFQGSLPAR,0
828,QDSLPRLPIPKLEDTMKRYLS,0
829,KPLLNDSQFRKTEVLCKDFEN,0
830,LCKDFENGIGKELHAHLLAQD,0
831,AHLLAQDKQNKHTSYISGPWF,0
832,NPFMAFNPDPKSEYNDQLTRA,0
833,NLTVSAVRFLKTLRAGLLEPE,0
834,NPARSDTDAFKRLIRFVPSSL,0
835,FRLFNSTRIPKPSRDELFTDT,0
836,VNPSEIQAHLKYILSDSSPVP,0
837,NRDVWAELRQKLIHGGNEETL,0
838,FCLCLDDFPMKDLVHLSHTML,0
839,HGDGTNRWFDKSFNLIVAKDG,0
840,AATDSSVSVQKLSFKLSSALK,0
841,SALKAGVTAAKEKFDATMKTL,0
842,IDAIQFQRGGKEFLKKKKLSP,0
843,ETIRPASIFTKRCSEAFVREP,0
844,ELQHMMAECSKYHGQLTKEAA,0
845,NAREFLHCVQKCLEDMFDALE,0
846,PEQPRRHYAEKRIKVEKPVVE,0
847,EMTRIIWQFIKEKLILPHVDV,0
848,LILPHVDVQLKYFDLGLPNRD,0
849,VTIDSALATQKYSVAVKCATI,0
850,TPDEARVEEFKLKKMWKSPNG,0
851,GTVFREPIICKNIPRLVPGWT,0
852,DFVVDRAGTFKLVFTPKDGSS,0
853,AHSCFQYSIQKKWPLYLSTKN,0
854,LYLSTKNTILKAYDGRFKDIF,0
855,FKDIFQEIFDKHYKTDFDKNK,0
856,KSSGGFVWACKNYDGDVQSDI,0
857,MTSVLVCPDGKTIEAEAAHGT,0
858,TVTRHYREHQKGRPTSTNPIA,0
859,AWTRGLEHRGKLDGNQDLIRF,0
860,VQTVESGAMTKDLAGCIHGLS,0
861,AGCIHGLSNVKLNEHFLNTTD,0
862,LAPARRVLQVKRAMQETSLTP,0
863,FSTIPPAPLAKTDTWPKDVGI,0
864,AQYVDQTDLEKFNNVEAGKYT,0
865,ETIIDKSKAVKTVLMELFQDS,0
866,AGAVAMLIGPKAPLVLEQGLR,0
867,THMENAYDFYKPNLASEYPLV,0
868,LASEYPLVDGKLSIQCYLRAL,0
869,ALDRCYAAYRKKIQNQWKQAG,0
870,QYMIFHTPFCKMVQKSLARLM,0
871,LKASLDMFNQKTKASLYLSTN,0
872,KDASPGSPLEKLVSSVSDLPK,0
873,IMNQREQFYHKVNFSPPGDTS,0
874,ICAKAVRDALKTEFKANAEKT,0
875,DYAAQASAAPKAGTATGRIVA,0
876,GEPIDERGPIKTKQFAPIHAE,0
877,VEQEILVTGIKVVDLLAPYAK,0
878,LIMELINNVAKAHGGYSVFAG,0
879,EMIESGVINLKDATSKVALVY,0
880,GTMQERITTTKKGSITSVQAI,0
881,EHYDVARGVQKILQDYKSLQD,0
882,LGMDELSEEDKLTVSRARKIQ,0
883,VAEVFTGHMGKLVPLKETIKG,0
884,MVGPIEEAVAKADKLAEEHGS,0
885,ITRRLACSSQKNLHLFIPGSR,0
886,GSRYISQAAAKVDIEFDYDGP,0
887,IEFDYDGPLMKTEVPGPRSKE,0
888,VPGPRSKELMKQLNTIQNAEA,0
889,PIGYNHPALAKLVQQPQNAST,0
890,GILPPENFVDKLQESLMSVAP,0
891,CGSCSNENAFKTIFMWYRSKE,0
892,SKERGQRGFSKEELETCMVNQ,0
893,LATTHSKAIHKIDIPSFDWPI,0
894,DWPIAPFPRLKYPLEEFTTDN,0
895,CLEEVEDLIVKYRKKKRTVAG,0
896,DNHASDDFFRKLRDIARKHGC,0
897,EVQTGGGCTGKFWAHEHWGLD,0
898,DDPADVMTFSKKMMTGGFFHK,0
899,IFNTWLGDPSKNLLLAEVINI,0
900,DLLNNVARVGKTLLTGLLDLQ,0
901,FDTPDEAIRNKLILIARNKGV,0
902,KGVVLGGCGDKSIRFRPTLVF,0
903,LAPHLTRAYAKDVKFGADARA,0
904,EQSWGSPKVTKDGVTVAKSID,0
905,TVAKSIDLKDKYKNIGAKLVQ,0
906,IAKEGFEKISKGANPVEIRRG,0
907,AVIAELKKQSKPVTTPEEIAQ,0
908,IGNIISDAMKKVGRKGVITVK,0
909,NDELEIIEGMKFDRGYISPYF,0
910,YISPYFINTSKGQKCEFQDAY,0
911,FQDAYVLLSEKKISSVQSIVP,0
912,PALEIANAHRKPLVIIAEDVD,0
913,LEDVQAHDLGKVGEVIVTKDD,0
914,TKDDAMLLKGKGDKAHIEKRI,0
915,DITTSEYEKEKLNERLAKLSD,0
916,AKLSDGVAVLKVGGTSDVEVN,0
917,GTSDVEVNEKKDRVTDALNAT,0
918,LRCIPALDSLKPANEDQKIGI,0
919,EDQKIGIEIIKRALKIPAMTI,0
920,AGVEGSLIVEKILQSSSEVGY,0
921,MLGDFVNMVEKGIIDPTKVVR,0
922,TAEAVVTEIPKEEKDPGMGAM,0
923,FGTYAPQEVPKSKATEATKIA,0
924,IDSASMYQNEKEVGLAIRSKI,0
925,IRSKIADGTVKREDIFYTSKV,0
926,LVRVCLEQSLKQLQLDYVDLY,0
927,LYLIHFPMAMKPGENYLPKDE,0
928,ENYLPKDENGKLIYDAVDICD,0
929,DICDTWEAMEKCKDAGLAKSI,0
930,NRRQLEKILKKPGLKYKPVCN,0
931,VECHPYLNQGKLLDFCRSKDI,0
932,AYSALGSHREKQWVDQSSPVL,0
933,LDNPVLGSMAKKYNRTPALIA,0
934,QLQRGVVVLAKSFSEKRIKEN,0
935,FEFQLTSEDMKVLDDLNKNIR,0
936,NIRYISGSSFKDHPDFPFWDE,0
937,VLRSAVSVHLKRNIGVTAVAF,0
938,LDPVQKLFVDKIREYKSKRQA,0
939,YQQDLDRELYKLKQMYGKGEM,0
940,IPVIQAFGILKRAAAEVNQEY,0
941,MKAADEVAEGKLNDHFPLVVW,0
942,IEMLGGELGSKKPVHPNDHVN,0
943,MHIAAAVEVHKVLLPGLQKLH,0
944,LQKLHDALSAKSKEFAQVIKI,0
945,QQVQYAMVRIKAAMPRIYELA,0
946,RIGFAEKVAAKVAALTGLPFV,0
947,TGLPFVTAPNKFEALAAHDAL,0
948,AMNTAACSLMKIANDIRFLGS,0
949,NEPGSSIMPGKVNPTQCEAMT,0
950,SNGHFELNVFKPMMIKNVLHS,0
951,TALNPHIGYDKAAKIAKTAHK,0
952,KTAHKNGSTLKETAIELGYLT,0
953,GVISSDQFRGKSVLLNIFPSV,0
954,ASGATVLCVSKDLPFAQKRFC,0
955,AVAKLEEARAKEDHSAILLNE,0
956,AIADAFGSFDKFRAQFHAAAT,0
957,AALGWDTLGNKLLIFQVYDHQ,0
958,QYKNVKVDFAKAFWNVVNWAD,0
959,AVTHRGSGAPKGLFGVECDVT,0
960,DAFLMRMTEEKFEKVINANLT,0
961,QRASRSMQRNKFGRMIFIGSV,0
962,MARSIARELSKANVTANVVAP,0
963,ADLSLADFGRKELRIAEHEMP,0
964,VGPHGTPDEPKGVPVFAWKGE,0
965,EQMLTWPDPDKPANMILDDGG,0
966,MLVLRGMQYEKAGVVPPAEED,0
967,PAEEDDPAEWKVFLNLLRTRF,0
968,NLLRTRFETDKDKWTKIAESV,0
969,PAINVNDSVTKSKFDNKYGTR,0
970,NRGTDALIGGKKVLICGYGDV,0
971,DVGKGCAEAMKGQGARVSVTE,0
972,ADIVVTATGNKDIIMLEHIKA,0
973,ERSGATRVNVKPQVDLWTFGD,0
974,QTIAQIELWTKNDEYDNEVYR,0
975,VYRLPKHLDEKVARIHVEALG,0
976,HVEALGGHLTKLTKEQAEYLG,0
977,GFRLGITTDWKSRWYADKQYA,0
978,YADKQYAEYVKEDVAIRRLLS,0
979,EADRIRADLEKLTGKQVQLNI,0
980,KQVQLNILEVKNPESQAQLVA,0
981,IQSAMRQPNVKGIRVQCSGRL,0
982,ADIDYGLYEAKTTFGRIGVKV,0
983,GRIGVKVWIYKGDIVGGKREL,0
984,LSTDELLDAFKEMTLLELSDF,0
985,TLLELSDFVKKFEETFEVTAA,0
986,FDVILEAAGDKKIGVIKVVRE,0
987,IVSGLGLKEAKDLVDGAPKPL,0
988,APKPLLEKVAKEAADEAKAKL,0
989,NMLLSATTASKNPKEHFDFFP,0
990,AQQELADAAGKSGKPTVDFPV,0
991,ELAAALTIGGKAERDQRIDEI,0
992,EVGAALRALTKKLVRQRILTD,0
993,ILGVTTLDMIKMAQQIDSLGP,0
994,TGETGRVGSPKRREIGHGALA,0
995,LALLNAGVPLKAPVAGIAMGL,0
996,DFVTALQLDTKLDGIPSQVLA,0
997,QVLAGALEQAKDARLTILEVM,0
998,SPYAPRVTTIKVPVDKIGEVI,0
999,VDKIGEVIGPKGKVINAITEE,0
1000,DGPSAQAAIDKINAIANPQLP,0
1001,PGRDGLVHISKLGKGKRIAKV,0
1002,KVEDVVNVGDKLRVEIADIDK,0
1003,VEIADIDKRGKISLILVADED,0
1004,VTEGTVTRWLKQEGDTVELDE,0
1005,IPSPAAGVLTKIIAQEDDTVE,0
1006,AGEAAAPAPEKVPAAQPESKP,0
1007,KPVPEPAPTPKAEPAPSPPAA,0
1008,TGTGVGGRIRKQDVLAAAEQK,0
1009,LAAAEQKKRAKAPAPAAQAAA,0
1010,ALAHLRGTTQKASRIRQITAN,0
1011,LTQTHEVDMTKIVGLRARAKA,0
1012,NINASYNEDTKEITYYDAEHL,0
1013,IAARARSGNLKPDELSGGTFT,0
1014,AAMLGTGAIVKRPRVVVDASG,0
1015,ADAGRFLTTIKHRLEEGAFEA,0
1016,RPRYDDWSLPKGKVDPGETAP,0
1017,YPTDSPFRGVKKVHYWAARST,0
1018,IWLPVPDAMNKLDYAQDRKVL,0
1019,LVVRHGTAGSKAHFSGDDSKR,0
1020,SGDDSKRPLDKRGRAQAEALV,0
1021,WCERDGVHPDKSRNRKGSTWV,0
1022,GGYLELYWAAKDLISHYYDAD,0
1023,GLHAAIADLSKVNRGFGPLLL,0
1024,TRRLCEWAGCKFLGEHDTTNR,0
1025,VSWREEVAVVKRRAFADQPYW,0
1026,LRLAGASGTPKPRFGHGVVTE,0
1027,TNVDRTVRSVKRHMGSDWSIE,0
1028,GSDWSIEIDGKKYTAPEISAR,0
1029,RVVDWLVDKFKGTSGIDLTKD,0
1030,ITQDLLDRTRKPFQSVIADTG,0
1031,TRMPAVTDLVKELTGGKEPNK,0
1032,LQAGVLKGEVKDVLLLDVTPL,0
1033,LSKEDIDRMIKDAEAHAEEDR,0
1034,QAETLVYQTEKFVKEQREAEG,0
1035,KEQREAEGGSKVPEDTLNKVD,0
1036,DISAIKSAMEKLGQESQALGQ,0
1037,RAELPGVDPDKDVDIMVRDGQ,0
1038,IMVRDGQLTIKAERTEQKDFD,0
1039,DEDDIKATYDKGILTVSVAVS,0
1040,LTVSVAVSEGKPTEKHIQIRS,0
1041,TNDLGRIGPGKAQYTLCCTES,0
1042,ARCGWAVGWRKDAFFGRAALL,0
1043,QFNRPQFDTSKRRLGAALTIQ,0
1044,LTIQDLRRIAKRRTPRAAFDY,0
1045,DLVIAVPQGRKWFQLYMWRDR,0
1046,LAWIKSQWPGKLVVKGIQTLD,0
1047,GKTTLTAAITKVLHDKFPDLN,0
1048,HDKFPDLNETKAFDQIDNAPE,0
1049,NIAHVEYQTDKRHYAHVDAPG,0
1050,VDAPGHADYIKNMITGAAQMD,0
1051,GVPYILVALNKADAVDDEELL,0
1052,EIVGIRPSTTKTTVTGVEMFR,0
1053,EDVERGQVVTKPGTTTPHTEF,0
1054,EFEGQVYILSKDEGGRHTPFF,0
1055,LITAGRNRIVKSLERAVSAGK,0
1056,ASNTSSIPIMKVAAATKQPQR,0
1057,TEEFASTVLGKQVVRCSDRSG,0
1058,LSDLVGLDTLKLIADKMFEEF,0
1059,AKVNIKPLEDKILVQANEAET,0
1060,ASGLVIPDTAKEKPQEGTVVA,0
1061,GPGRWDEDGEKRIPLDVAEGD,0
1062,VAEGDTVIYSKYGGTEIKYNG,0
1063,RGLNALADAVKVTLGPKGRNV,0
1064,GPKGRNVVLEKKWGAPTITND,0
1065,TITNDGVSIAKEIELEDPYEK,0
1066,IGAELVKEVAKKTDDVAGDGT,0
1067,LLKGAKEVETKEQIAATAAIS,0
1068,EDPYILLVSSKVSTVKDLLPL,0
1069,TVKDLLPLLEKVIGAGKPLLI,0
1070,GEALSTLVVNKIRGTFKSVAV,0
1071,VKAPGFGDRRKAMLQDMAILT,0
1072,LGKARKVVVTKDETTIVEGAG,0
1073,KAGAATEVELKERKHRIEDAV,0
1074,LQAAPTLDELKLEGDEATGAN,0
1075,IVKVALEAPLKQIAFNSGLEP,0
1076,LLAAGVADPVKVTRSALQNAA,0
1077,TATILAQALIKGGLRLVAAGV,0
1078,NPIALGVGIGKAADAVSEALL,0
1079,GTAEAVANRAKHLRAEIDKSD,0
1080,GGASLIHQARKALTELRASLT,0
1081,VLTTETVVVDKPAKAEDHDHH,0
1082,LVIFAIIVVAKSVALIPQAEA,0
1083,PPPSIQASMEKQMKADREKRA,0
1084,TAEGTREAAIKQAEGQKQAQI,0
1085,AAYLQAQGQAKAIEKTFAAIK,0
1086,LPEMARGDANKVWVVPSDFNA,0
1087,ALQGFTRLLGKPGEDGVFRFE,0
1088,FEPSPVEDQPKHAADGDDAEV,0
1089,ALPRRAGLVSKNALGSSFVGA,0
1090,NLHASNTRLQKTGTAEMSSIL,0
1091,EEMVEFSSGLKGMSLNLEPDN,0
1092,NVGVVVFGNDKLIKEGDVVKR,0
1093,GSKTRRRVGLKAPGIIPRISV,0
1094,ELIIGDRQTGKTSIAIDTIIN,0
1095,LYCIYVAIGQKRSTVAQLVKR,0
1096,VKRLTDADAMKYTIVVSATAS,0
1097,SMGEYFRDNGKHALIIYDDLS,0
1098,LHSRLLERAAKMNDSFGGGSL,0
1099,RAMKQVAGTMKLELAQYREVA,0
1100,SRGVRLTELLKQGQYSPMAIE,0
1101,KISEQSDAKLKEIVTNFLAGF,0
1102,REHLFPTAQVKKMGELGLLAM,0
1103,NNSLYLGPILKFGSAQQKQQW,0
1104,QWITPFTNGDKIGCFALSEPG,0
1105,FASTDRSRQNKGISAFLVPMP,0
1106,PLTKLQNIQFKLADMALALES,0
1107,WRAAMLKDNKKPFTKESAMAK,0
1108,RLFSALLQVQKRPCQPSRNMR,0
1109,DLNAFDSTLPKTMVQFLEQGE,0
1110,TFLAPVTRPEKVICVGLNYAD,0
1111,RVPKSPIIFSKFSSSIVGPYD,0
1112,YDEIILPPESKEVDWEVEMAV,0
1113,EMAVVIGKKGKHIKATDVMAH,0
1114,SARDWQMRNGKQWLLGKTFDT,0
1115,QSSNTNQMVFKTEYLIAWVSQ,0
1116,GTPPGVGMFRKPPVFLKKGDE,0
1117,VRVLLFRSAVKGVFCAGADLK,0
1118,LPRCLGVALAKELIFTGRRLN,0
1119,SLGASRIAVPKLTLHTKHSMP,0
1120,SMPPCDFSPEKYQSLAYSRVL,0
1121,VTVSVGHCHPKVSAVAKKQID,0
1122,FHSPMHEYAEKLSALLPEPLK,0
1123,QGVNGVVQYPKEFLKEAFALV,0
1124,AAVVTTPEIAKSLAKRLLHFS,0
1125,SQEVGTYMLLKFAKLRDEFDI,0
1126,EFDIVGDVRGKGLMVGIEMVQ,0
1127,TEVNQIHEDCKDMGLLVGRGG,0
1128,FRIVPPMCVTKMEVDFAYEVF,0
1129,STYQENYEQMKALVSQLHERA,0
1130,KARARHTSRGKLLPRDRIDNL,0
1131,CMIVANDATVKGGTYYPVTVK,0
1132,IFYNQAIMSSKNITQIAVVMG,0
1133,AMADENIIVQKQGTIFLAGPP,0
1134,TIFLAGPPLVKAATGEEVSAE,0
1135,DDHHALHLTRKVVRSLNYQKK,0
1136,ELYGIVGANLKRSFDVREVIA,0
1137,IVDGSRFNEFKALYGDTLVTG,0
1138,NNGVLFSESAKKGAHFVQLCC,0
1139,AKMVAAVACAKVPKITVIIGG,0
1140,TVLATVARDQKAREGKQFSSA,0
1141,QFSSAEEAALKEPIIKRFEEE,0
1142,PQNFSNYESMKQDFKIEIPEY,0
1143,IEIPEYFNFAKDVLDQWTNME,0
1144,SFEELGLLSRKFANILTEACS,0
1145,RGDRVMVILPKIPEWWLANVA,0
1146,LIPGTTQLTQKDILYRLQSSK,0
1147,LAPAVDAVAAKCENLHSKLIV,0
1148,QHSREGWGNLKEMMKYASDSH,0
1149,ASDSHTCVDTKHDEMMAIYFT,0
1150,YFTSGTTGPPKMIGHTHSSFG,0
1151,MWNTSDTGWAKSAWSSVFSPW,0
1152,ESTSILQTLSKFPITVFCSAP,0
1153,MLVQNDMSSYKFNSLKHCVSA,0
1154,INPEVMEQWRKKTGLDIYEGY,0
1155,TETVLICGNFKGMKIKPGSMG,0
1156,MGKPSPAFDVKILDENGATLP,0
1157,LFTHYVDNPSKTASTLRGSFY,0
1158,KAFIVLNPDYKSHDQEQLKKE,0
1159,LKKEIQEHVKKTTAPYKYPRK,0
1160,RKVEFIEELPKTVSGKVKRNE,0
1161,GAARRLFSSEKVIRKDYALPN,0
1162,DLRLLFDQFMKKCEDGSWKRM,0
1163,QEFQTLFVDSKFKKEEQMSKA,0
1164,LGFEYAMFYNKVEKRTVSLFQ,0
1165,AMTANLNITYKKPIPLLSVVV,0
1166,SVVVVNSQLQKIEGRKLFVSC,0
1167,VSCTIQSIDEKTLYTEATALF,0
1168,VFHMNQGNPFKLKALVDKWPD,0
1169,QHTNTYQIYSKDPKHCLEFLG,0
1170,FLGTPDVINWKQHLQIQSSQS,0
1171,NEAIMDLAAGKMVKVKRTQCI,0
1172,CILYMMPETAKKLVPSLLEDK,0
1173,RPRAIDQEMFKLSTLDVTHAP,0
1174,IIYAQTLAMDKRGYPVYNHTE,0
1175,HTEQTNKVIQKMSHTLHHVPM,0
1176,HSYLRISLTEKCNLRCQYCMP,0
1177,EILTLARLFVKEGVDKIRLTG,0
1178,NISLDTLVPAKFEFIVRRKGF,0
1179,GFHKVMEGIHKAIELGYKPVK,0
1180,FIEYMPFDGNKWNFKKMVSYK,0
1181,KLPEEDSSTAKAFKIPGFQGQ,0
1182,LRIIGAAVGRKKRQHAGMFNI,0
1183,HAGMFNIAQMKNRPMILIGVL,0
1184,CLSDQMASLWKRHCIPKALPL,0
1185,SSYPDPDTHSKCLSTGSQAPD,0
1186,AFKLVQQNQLKKGDALVVAQL,0
1187,VAQLAGVQAAKLTSQLIPLCH,0
1188,MAALTVYDMCKAVSRDIVVTE,0
1189,IVVTEVKLISKTGGQRGDFHR,0
1190,LRPLTASQTVKTFSQNKPAAI,0
1191,EMYCAWLENPKSVHKSWDIFF,0
1192,SLVEAQPNVDKLVEDHLAVQS,0
1193,VPADIISSTDKLGFYGLHESD,0
1194,FYGLHESDLDKVFHLPTTTFI,0
1195,DLEQCQWIRQKFETPGIMQFT,0
1196,PGIMQFTNEEKRTLLARLVRS,0
1197,STRFEEFLQRKWSSEKRFGLE,0
1198,EGCEVLIPALKTIIDMSSANG,0
1199,RLNVLANVIRKELEQIFCQFD,0
1200,EQFYCGDTEGKKVMSILLHGD,0
1201,DDPEAVMYVCKVAAEWRNTFH,0
1202,EPMFTQPLMYKQIRKQKPVLQ,0
1203,NQPEYEEEISKYDKICEEAFT,0
1204,EEAFTRSKDEKILHIKHWLDS,0
1205,LEEDVLFHIGKVASSVPVENF,0
1206,TIHGGLSRILKTRRELVTNRT,0
1207,AEYMAFGSLLKEGIHVRLSGQ,0
1208,HHVLHDQNVDKRTCIPMNHLW,0
1209,LRRQILLPFRKPLIVFTPKSL,0
1210,ENGPAAQDPHKVKRLLFCTGK,0
1211,KVYYDLTRERKARNMEEEVAI,0
1212,PFDLLLKEAQKYPNAELAWCQ,0
1213,AELAWCQEEHKNQGYYDYVKP,0
1214,SLEIIGAPFSKGQPRGGVEKG,0
1215,AALRKAGLLEKLKETEYDVRD,0
1216,VPNDSSFQIVKNPRSVGKANE,0
1217,ELAGVVAEVQKNGRVSVVLGG,0
1218,VSFLLKELKGKFPDVPGFSWV,0
1219,FSWVTPCISAKDIVYIGLRDV,0
1220,EHYIIKTLGIKYFSMTEVDKL,0
1221,MTEVDKLGIGKVMEETFSYLL,0
1222,EETFSYLLGRKKRPIHLSFDV,0
1223,DIMEVNPTLGKTAEEVKSTVN,0
1224,CFGTQREGNHKPGTDYLKPPK,0
1225,SSSSSASAAAKKILIKHVTVI,0
1226,GIEESLKRMAKKKFTENPKAG,0
1227,LVVEAIVENLKLKNELFQRLD,0
1228,LHFFNPVPMMKLVEVIKTPMT,0
1229,SLVDFCKTLGKHPVSCKDTPG,0
1230,ASKEDIDTAMKLGAGYPMGPF,0
1231,SPSMNNLVAQKKLGKKTGEGF,0
1232,LGGYVATIGTKFCALNWENQS,0
1233,VFVLAMVDEDKKNNRFNDGKV,0
1234,LYSLFPDHSVKKYFDQVDISN,0
1235,SNGLDWSLDHKIFYYIDSLSY,0
1236,GQISNRRIVYKMEKDEQIPDG,0
1237,PDGMCIDAEGKLWVACYNGGR,0
1238,DKTTSCCFGGKDYSEMYVTCA,0
1239,VERSAAETVTKGGIMLPEKSQ,0
1240,YGGTKVVLDDKDYFLFRDSDI,0
1241,RRLISLGCRSKPIKTIYSSSK,0
1242,AKMALKFKNAKRIEGLDSNVW,0
1243,FPDISPPSYVKEELSKAAFID,0
1244,AVPVFIPLRSKPTDGMKWTSS,0
1245,WTFDPRELESKFSSKTKAIIL,0
1246,ILNTPHNPLGKVYTRQELQVI,0
1247,ELQVIADLCVKHDTLCISDEV,0
1248,WLVYTGHTHVKIATLPGMWER,0
1249,ERTITIGSAGKTFSVTGWKLG,0
1250,GWSIGPAHLIKHLQTVQQNSF,0
1251,ALAEAFWIDIKRMDDPECYFN,0
1252,DPECYFNSLPKELEVKRDRMV,0
1253,MVRLLNSVGLKPIVPDGGYFI,0
1254,DMNSDEPYDYKFVKWMTKHKK,0
1255,AIPVSAFCDSKSKPHFEKLVR,0
1256,PKPGVFNFVNKATWDARNALG,0
1257,DARNALGSLPKETARKNYVDL,0
1258,SSSSEAPSQGKRGADEKARES,0
1259,ILVTSEDGITKITFNRPTKKN,0
1260,EIQDVVATSTKILREFVNCFI,0
1261,EFVNCFIDFPKPLVAVVNGPA,0
1262,PEACSTYMFPKIMGPTKAAEM,0
1263,TKAAEMLLFGKKLTAREAWAQ,0
1264,TFETEVWTRLKTYSKLSPNVM,0
1265,KLSPNVMRISKELIRKHEKQK,0
1266,LERMPREEYAKALRNFLFRKA,0
1267,RHASASSTNLKDVLRNLIPKE,0
1268,NLIPKEQARIKTFRKKHGKTV,0
1269,FRGYSIPECQKLLPKAKGGKE,0
1270,QVSWLSQEWVKRAALPSHVVT,0
1271,RAYAQGMNRTKYWELTYEDCM,0
1272,TYEDCMDLLAKLPCVAAKIYR,0
1273,EDRNIEAIDSKLDWSHNFTNM,0
1274,KEVGEDASDEKLKNYIWNTLN,0
1275,VPGYGHAVLRKTDPRYSCQRE,0
1276,RYSCQREFALKHLPKDPMFKL,0
1277,PMFKLVGQLYKIVPDILLEQG,0
1278,PDILLEQGKAKNPWPNVDAHS,0
1279,RALGFPLERPKSMSTDALMKF,0
1280,LSRPLSQLPGKALSVRDRENG,0
1281,CDSGFGFSLAKHLHSKGFLVF,0
1282,GFLVFAGCLMKDKGDAGVKEL,0
1283,LNVCNSEEVEKAVETIRSGLK,0
1284,TIRSGLKDPEKGMWGLVNNAG,0
1285,EVEFTSMETYKEVAEVNLWGT,0
1286,VNLWGTVRTTKSFLPLLRRAK,0
1287,NPARSPYCITKFGIEAFSDCL,0
1288,LRYEMHPLGVKVSVVEPGNFI,0
1289,YSPERIQAIAKKMWDDLPEVV,0
